Time,VOLTAGE,CURRENT,THRUST,ALTITUDE,ACCELERATION,TEMPERATURE,SCIENCE_COLLECTION,[LABEL]: ERROR_STATE
0:00,0,3,0,2000,0,34.29,0,1
0:01,-0.24,5,200,1999.88,-0.24,34.29,0,1
0:02,2.17,5,200,2001.96,2.17,34.17,0,1
0:03,1.68,5,200,2003.8,1.68,34.07,0,1
0:04,2.3,5,200,2005.95,2.3,33.95,0,1
0:05,2.41,5,200,2008.15,2.41,33.82,0,1
0:06,2.47,5,200,2010.38,2.47,33.69,0,1
0:07,1.52,5,200,2012.14,1.52,33.59,0,1
0:08,2.48,5,200,2014.38,2.48,33.46,0,1
0:09,2.06,5,200,2016.41,2.06,33.35,0,1
0:10,2.25,5,200,2018.53,2.25,33.23,0,1
0:11,1.98,5,200,2020.52,1.98,33.11,0,1
0:12,2.24,5,200,2022.64,2.24,32.99,0,1
0:13,1.92,5,200,2024.6,1.92,32.88,0,1
0:14,2.5,5,200,2026.85,2.5,32.75,0,1
0:15,2.08,5,200,2028.89,2.08,32.63,0,1
0:16,1.9,5,200,2030.84,1.9,32.52,0,1
0:17,2.35,5,200,2033.01,2.35,32.4,0,1
0:18,1.67,5,200,2034.84,1.67,32.29,0,1
0:19,1.98,5,200,2036.83,1.98,32.18,0,1
0:20,2.44,5,200,2039.05,2.44,32.05,0,1
0:21,1.73,5,200,2040.91,1.73,31.95,0,1
0:22,1.81,5,200,2042.81,1.81,31.84,0,1
0:23,2.07,5,200,2044.84,2.07,31.72,0,1
0:24,2.1,5,200,2046.89,2.1,31.61,0,1
0:25,2.27,5,200,2049.02,2.27,31.48,0,1
0:26,2.18,5,200,2051.11,2.18,31.37,0,1
0:27,2.21,5,200,2053.21,2.21,31.25,0,1
0:28,1.56,5,200,2054.99,1.56,31.14,0,1
0:29,1.56,5,200,2056.77,1.56,31.04,0,1
0:30,2.08,5,200,2058.81,2.08,30.93,0,1
0:31,2.26,5,200,2060.94,2.26,30.8,0,1
0:32,1.86,5,200,2062.87,1.86,30.69,0,1
0:33,1.84,5,200,2064.79,1.84,30.58,0,1
0:34,2.41,5,200,2066.99,2.41,30.46,0,1
0:35,1.77,5,200,2068.87,1.77,30.35,0,1
0:36,1.81,5,200,2070.77,1.81,30.24,0,1
0:37,1.73,5,200,2072.63,1.73,30.14,0,1
0:38,2.47,5,200,2074.86,2.47,30.01,0,1
0:39,1.55,5,200,2076.63,1.55,29.91,0,1
0:40,1.73,5,200,2078.49,1.73,29.8,0,1
0:41,1.62,5,200,2080.3,1.62,29.7,0,1
0:42,2.15,5,200,2082.37,2.15,29.58,0,1
0:43,2.07,5,200,2084.4,2.07,29.46,0,1
0:44,1.74,5,200,2086.27,1.74,29.36,0,1
0:45,2.3,5,200,2088.42,2.3,29.23,0,1
0:46,2.3,5,200,2090.57,2.3,29.11,0,1
0:47,1.79,5,200,2092.46,1.79,29,0,1
0:48,1.57,5,200,2094.24,1.57,28.9,0,1
0:49,2.19,5,200,2096.33,2.19,28.78,0,1
0:50,1.88,5,200,2098.27,1.88,28.67,0,1
0:51,1.78,5,200,2100.16,1.78,28.56,0,1
0:52,2.18,5,200,2102.25,2.18,28.44,0,1
0:53,1.51,5,200,2104,1.51,28.34,0,1
0:54,1.73,5,200,2105.86,1.73,28.24,0,1
0:55,1.84,5,200,2107.78,1.84,28.13,0,1
0:56,2.06,5,200,2109.81,2.06,28.01,0,1
0:57,1.67,5,200,2111.64,1.67,27.91,0,1
0:58,2.04,5,200,2113.66,2.04,27.79,0,1
0:59,2.39,5,200,2115.85,2.39,27.67,0,1
1:00,1.97,5,200,2117.83,1.97,27.55,0,1
1:01,2.49,5,200,2120.07,2.49,27.42,0,1
1:02,1.54,5,200,2121.84,1.54,27.32,0,1
1:03,1.71,5,200,2123.69,1.71,27.22,0,1
1:04,1.92,5,200,2125.65,1.92,27.11,0,1
1:05,1.57,5,200,2127.43,1.57,27,0,1
1:06,2.21,5,200,2129.53,2.21,26.88,0,1
1:07,2.05,5,200,2131.55,2.05,26.77,0,1
1:08,1.55,5,200,2133.32,1.55,26.67,0,1
1:09,2.3,5,200,2135.47,2.3,26.54,0,1
1:10,1.55,5,200,2137.24,1.55,26.44,0,1
1:11,1.84,5,200,2139.16,1.84,26.33,0,1
1:12,2.08,5,200,2141.2,2.08,26.22,0,1
1:13,2.27,5,200,2143.33,2.27,26.1,0,1
1:14,2.07,5,200,2145.36,2.07,25.98,0,1
1:15,1.97,5,200,2147.34,1.97,25.87,0,1
1:16,2.21,5,200,2149.44,2.21,25.75,0,1
1:17,2.24,5,200,2151.56,2.24,25.63,0,1
1:18,2.44,5,200,2153.78,2.44,25.5,0,1
1:19,2.31,5,200,2155.93,2.31,25.38,0,1
1:20,2.25,5,200,2158.05,2.25,25.25,0,1
1:21,2.45,5,200,2160.27,2.45,25.13,0,1
1:22,1.57,5,200,2162.05,1.57,25.03,0,1
1:23,2.35,5,200,2164.22,2.35,24.9,0,1
1:24,1.95,5,200,2166.19,1.95,24.79,0,1
1:25,2.07,5,200,2168.22,2.07,24.67,0,1
1:26,2.19,5,200,2170.31,2.19,24.55,0,1
1:27,1.91,5,200,2172.26,1.91,24.44,0,1
1:28,1.98,5,200,2174.25,1.98,24.33,0,1
1:29,2.33,5,200,2176.41,2.33,24.21,0,1
1:30,1.77,5,200,2178.29,1.77,24.1,0,1
1:31,2.45,5,200,2180.51,2.45,23.97,0,1
1:32,1.55,5,200,2182.28,1.55,23.87,0,1
1:33,1.89,5,200,2184.22,1.89,23.76,0,1
1:34,2.13,5,200,2186.28,2.13,23.64,0,1
1:35,1.8,5,200,2188.18,1.8,23.53,0,1
1:36,1.92,5,200,2190.14,1.92,23.42,0,1
1:37,1.6,5,200,2191.94,1.6,23.32,0,1
1:38,2.16,5,200,2194.02,2.16,23.2,0,1
1:39,1.88,5,200,2195.96,1.88,23.09,0,1
1:40,1.74,5,200,2197.83,1.74,22.98,0,1
1:41,1.55,5,200,2199.6,1.55,22.88,0,1
1:42,2.19,5,200,2201.69,2.19,22.76,0,1
1:43,1.97,4.97,196.62,2203.67,1.97,22.65,0,1
1:44,1.55,4.93,192.66,2205.43,1.55,22.55,0,1
1:45,2.28,4.89,189.14,2207.53,2.28,22.43,0,1
1:46,2.29,4.85,184.94,2209.62,2.29,22.31,0,1
1:47,2.24,4.81,180.76,2211.66,2.24,22.19,0,1
1:48,1.38,4.77,176.68,2213.25,1.38,22.1,0,1
1:49,1.66,4.73,173.5,2214.96,1.66,22,0,1
1:50,2.12,4.7,170.08,2216.89,2.12,21.89,0,1
1:51,2.09,4.66,166.22,2218.79,2.09,21.78,0,1
1:52,1.73,4.62,162.42,2220.49,1.73,21.69,0,1
1:53,1.42,4.59,159.02,2222.01,1.42,21.6,0,1
1:54,1.34,4.56,155.98,2223.48,1.34,21.52,0,1
1:55,1.83,4.53,153.04,2225.17,1.83,21.42,0,1
1:56,1.6,4.5,149.66,2226.74,1.6,21.33,0,1
1:57,1.38,4.47,146.52,2228.18,1.38,21.25,0,1
1:58,1.64,4.44,143.64,2229.73,1.64,21.16,0,1
1:59,1.81,4.41,140.54,2231.35,1.81,21.07,0,1
2:00,1.24,4.37,137.3,2232.67,1.24,20.99,0,1
2:01,0.89,4.35,134.66,2233.8,0.89,20.93,0,1
2:02,0.95,4.32,132.4,2234.95,0.95,20.86,0,1
2:03,0.9,4.3,130.1,2236.06,0.9,20.8,0,1
2:04,1.12,4.28,127.88,2237.27,1.12,20.73,0,1
2:05,1.35,4.25,125.46,2238.58,1.35,20.65,0,1
2:06,1.61,4.23,122.84,2240.01,1.61,20.57,0,1
2:07,0.93,4.2,119.98,2241.09,0.93,20.51,0,1
2:08,0.7,4.18,117.82,2242.04,0.7,20.45,0,1
2:09,0.73,4.16,115.92,2242.99,0.73,20.4,0,1
2:10,1.31,4.14,114.02,2244.22,1.31,20.33,0,1
2:11,1.42,4.12,111.56,2245.5,1.42,20.26,0,1
2:12,0.86,4.09,109,2246.49,0.86,20.2,0,1
2:13,1.03,4.07,107.02,2247.55,1.03,20.14,0,1
2:14,1.39,4.05,104.9,2248.78,1.39,20.07,0,1
2:15,1.32,4.02,102.44,2249.96,1.32,20,0,1
2:16,1.22,4,100.08,2251.08,1.22,19.94,0,1
2:17,0.54,3.98,97.84,2251.85,0.54,19.89,0,1
2:18,0.57,3.96,96.3,2252.62,0.57,19.85,0,1
2:19,0.49,3.95,94.76,2253.35,0.49,19.81,0,1
2:20,0.6,3.93,93.3,2254.12,0.6,19.76,0,1
2:21,0.47,3.92,91.76,2254.82,0.47,19.72,0,1
2:22,1.13,3.9,90.36,2255.84,1.13,19.67,0,1
2:23,1.01,3.88,88.32,2256.8,1.01,19.61,0,1
2:24,1.07,3.86,86.4,2257.78,1.07,19.56,0,1
2:25,1.03,3.84,84.44,2258.73,1.03,19.5,0,1
2:26,1.03,3.83,82.54,2259.67,1.03,19.45,0,1
2:27,1.05,3.81,80.66,2260.61,1.05,19.39,0,1
2:28,0.47,3.79,78.78,2261.25,0.47,19.36,0,1
2:29,0.84,3.77,77.5,2262.06,0.84,19.31,0,1
2:30,0.87,3.76,75.88,2262.88,0.87,19.26,0,1
2:31,0.68,3.74,74.24,2263.6,0.68,19.22,0,1
2:32,0.7,3.73,72.8,2264.32,0.7,19.18,0,1
2:33,0.63,3.71,71.36,2265,0.63,19.14,0,1
2:34,0.38,3.7,70,2265.55,0.38,19.11,0,1
2:35,0.95,3.69,68.9,2266.37,0.95,19.06,0,1
2:36,1.1,3.67,67.26,2267.26,1.1,19.01,0,1
2:37,0.29,3.65,65.48,2267.74,0.29,18.99,0,1
2:38,0.68,3.65,64.52,2268.41,0.68,18.95,0,1
2:39,0.86,3.63,63.18,2269.16,0.86,18.91,0,1
2:40,0.41,3.62,61.68,2269.68,0.41,18.88,0,1
2:41,1.03,3.61,60.64,2270.5,1.03,18.83,0,1
2:42,0.2,3.59,59,2270.9,0.2,18.81,0,1
2:43,0.43,3.58,58.2,2271.41,0.43,18.78,0,1
2:44,0.92,3.57,57.18,2272.16,0.92,18.73,0,1
2:45,0.47,3.56,55.68,2272.68,0.47,18.7,0,1
2:46,0.12,3.55,54.64,2273.02,0.12,18.68,0,1
2:47,0.5,3.54,53.96,2273.54,0.5,18.65,0,1
2:48,0.5,3.53,52.92,2274.06,0.5,18.63,0,1
2:49,0.26,3.52,51.88,2274.45,0.26,18.6,0,1
2:50,0.23,3.51,51.1,2274.82,0.23,18.58,0,1
2:51,0.89,3.5,50.36,2275.52,0.89,18.54,0,1
2:52,0.71,3.49,48.96,2276.13,0.71,18.51,0,1
2:53,0.45,3.48,47.74,2276.6,0.45,18.48,0,1
2:54,0.32,3.47,46.8,2277,0.32,18.46,0,1
2:55,0.04,3.46,46,2277.25,0.04,18.44,0,1
2:56,0.08,3.45,45.5,2277.52,0.08,18.43,0,1
2:57,0.02,3.45,44.96,2277.76,0.02,18.41,0,1
2:58,0.7,3.44,44.48,2278.33,0.7,18.38,0,1
2:59,0.42,3.43,43.34,2278.76,0.42,18.36,0,1
3:00,0.37,3.42,42.48,2279.16,0.37,18.33,0,1
3:01,0.51,3.42,41.68,2279.63,0.51,18.31,0,1
3:02,0.26,3.41,40.74,2279.97,0.26,18.29,0,1
3:03,0.86,3.4,40.06,2280.6,0.86,18.25,0,1
3:04,0.6,3.39,38.8,2281.1,0.6,18.22,0,1
3:05,0.7,3.38,37.8,2281.64,0.7,18.19,0,1
3:06,0.01,3.37,36.72,2281.83,0.01,18.18,0,1
3:07,0.35,3.36,36.34,2282.19,0.35,18.16,0,1
3:08,0.78,3.36,35.62,2282.76,0.78,18.13,0,1
3:09,0.27,3.34,34.48,2283.07,0.27,18.11,0,1
3:10,0.26,3.34,33.86,2283.37,0.26,18.09,0,1
3:11,-0.09,3.33,33.26,2283.49,-0.09,18.09,0,1
3:12,0.51,3.33,33.02,2283.91,0.51,18.06,0,1
3:13,0.71,3.32,32.18,2284.43,0.71,18.03,0,1
3:14,0.33,3.31,31.14,2284.76,0.33,18.01,0,1
3:15,0.56,3.3,30.48,2285.2,0.56,17.99,0,1
3:16,0.38,3.3,29.6,2285.54,0.38,17.97,0,1
3:17,-0.06,3.29,28.92,2285.66,-0.06,17.96,0,1
3:18,-0.13,3.29,28.68,2285.74,-0.13,17.96,0,1
3:19,-0.1,3.29,28.52,2285.83,-0.1,17.95,0,1
3:20,0.59,3.28,28.34,2286.27,0.59,17.93,0,1
3:21,0,3.27,27.46,2286.41,0,17.92,0,1
3:22,-0.1,3.27,27.18,2286.5,-0.1,17.91,0,1
3:23,0.03,3.27,27,2286.65,0.03,17.91,0,1
3:24,0,3.27,26.7,2286.78,0,17.9,0,1
3:25,-0.21,3.26,26.44,2286.81,-0.21,17.9,0,1
3:26,-0.06,3.26,26.38,2286.91,-0.06,17.89,0,1
3:27,0.7,3.26,26.18,2287.39,0.7,17.86,0,1
3:28,0.65,3.25,25.22,2287.85,0.65,17.84,0,1
3:29,0.7,3.24,24.3,2288.33,0.7,17.81,0,1
3:30,0.64,3.23,23.34,2288.77,0.64,17.78,0,1
3:31,0,3.22,22.46,2288.89,0,17.78,0,1
3:32,0.65,3.22,22.22,2289.33,0.65,17.75,0,1
3:33,0,3.21,21.34,2289.44,0,17.75,0,1
3:34,0.03,3.21,21.12,2289.56,0.03,17.74,0,1
3:35,0.23,3.21,20.88,2289.78,0.23,17.73,0,1
3:36,0.09,3.2,20.44,2289.93,0.09,17.72,0,1
3:37,-0.07,3.2,20.14,2290,-0.07,17.71,0,1
3:38,-0.27,3.2,20,2289.97,-0.27,17.72,0,1
3:39,-0.11,3.2,20.06,2290.01,-0.11,17.71,0,1
3:40,0.59,3.2,19.98,2290.41,0.59,17.69,0,1
3:41,0.08,3.19,19.18,2290.55,0.08,17.68,0,1
3:42,0.52,3.19,18.9,2290.91,0.52,17.66,0,1
3:43,0.36,3.18,18.18,2291.18,0.36,17.65,0,1
3:44,0.64,3.18,17.64,2291.59,0.64,17.62,0,1
3:45,0.15,3.17,16.82,2291.75,0.15,17.61,0,1
3:46,-0.25,3.16,16.5,2291.71,-0.25,17.62,0,1
3:47,-0.07,3.17,16.58,2291.76,-0.07,17.61,0,1
3:48,0.06,3.16,16.48,2291.87,0.06,17.61,0,1
3:49,-0.14,3.16,16.26,2291.88,-0.14,17.61,0,1
3:50,0.11,3.16,16.24,2292.02,0.11,17.6,0,1
3:51,0.52,3.16,15.96,2292.36,0.52,17.58,0,1
3:52,0.2,3.15,15.28,2292.54,0.2,17.57,0,1
3:53,0.39,3.15,14.92,2292.81,0.39,17.55,0,1
3:54,-0.11,3.14,14.38,2292.83,-0.11,17.55,0,1
3:55,0.38,3.14,14.34,2293.09,0.38,17.54,0,1
3:56,0.19,3.14,13.82,2293.26,0.19,17.53,0,1
3:57,0.36,3.13,13.48,2293.51,0.36,17.51,0,1
3:58,0.34,3.13,12.98,2293.75,0.34,17.5,0,1
3:59,-0.26,3.12,12.5,2293.68,-0.26,17.5,0,1
4:00,0.56,3.13,12.64,2294.02,0.56,17.48,0,1
4:01,0.35,3.12,11.96,2294.26,0.35,17.47,0,1
4:02,0.4,3.11,11.48,2294.52,0.4,17.46,0,1
4:03,0.31,3.11,10.96,2294.73,0.31,17.44,0,1
4:04,0.39,3.11,10.54,2294.98,0.39,17.43,0,1
4:05,0.51,3.1,10.04,2295.29,0.51,17.41,0,1
4:06,-0.09,3.09,9.42,2295.3,-0.09,17.41,0,1
4:07,0.01,3.09,9.4,2295.35,0.01,17.41,0,1
4:08,-0.26,3.09,9.3,2295.27,-0.26,17.41,0,1
4:09,0.24,3.09,9.46,2295.44,0.24,17.4,0,1
4:10,-0.18,3.09,9.12,2295.4,-0.18,17.41,0,1
4:11,0.23,3.09,9.2,2295.56,0.23,17.4,0,1
4:12,0.28,3.09,8.88,2295.75,0.28,17.39,0,1
4:13,-0.06,3.08,8.5,2295.76,-0.06,17.39,0,1
4:14,0.56,3.08,8.48,2296.08,0.56,17.37,0,1
4:15,0.42,3.08,7.84,2296.33,0.42,17.35,0,1
4:16,0.48,3.07,7.34,2296.61,0.48,17.34,1,1
4:17,-0.07,3.07,6.78,2296.61,-0.07,17.34,1,1
4:18,0.34,3.07,6.78,2296.81,0.34,17.33,1,1
4:19,0.55,3.06,6.38,2297.12,0.55,17.31,1,1
4:20,0.41,3.06,5.76,2297.36,0.41,17.29,1,1
4:21,-0.27,3.05,5.28,2297.25,-0.27,17.3,1,1
4:22,0.51,3.05,5.5,2297.53,0.51,17.28,1,1
4:23,0.01,3.05,4.94,2297.56,0.01,17.28,1,1
4:24,0.35,3.05,4.88,2297.76,0.35,17.27,1,1
4:25,0.4,3.04,4.48,2297.98,0.4,17.26,1,1
4:26,0.03,3.04,4.04,2298.02,0.03,17.26,1,1
4:27,-0.33,3.04,3.96,2297.88,-0.33,17.26,1,1
4:28,0,3.04,4.24,2297.9,0,17.26,1,1
4:29,-0.26,3.04,4.2,2297.79,-0.26,17.27,1,1
4:30,-0.44,3.04,4.42,2297.59,-0.44,17.28,1,1
4:31,-0.29,3.05,4.82,2297.47,-0.29,17.29,1,1
4:32,0.12,3.05,5.06,2297.55,0.12,17.28,1,1
4:33,-0.43,3.05,4.9,2297.36,-0.43,17.29,1,1
4:34,-0.35,3.05,5.28,2297.21,-0.35,17.3,1,1
4:35,0.11,3.06,5.58,2297.29,0.11,17.3,1,1
4:36,-0.26,3.05,5.42,2297.19,-0.26,17.3,1,1
4:37,-0.23,3.06,5.62,2297.1,-0.23,17.31,1,1
4:38,-0.18,3.06,5.8,2297.04,-0.18,17.31,1,1
4:39,0.08,3.06,5.92,2297.11,0.08,17.31,1,1
4:40,0.29,3.06,5.78,2297.28,0.29,17.3,1,1
4:41,0.39,3.05,5.44,2297.5,0.39,17.29,1,1
4:42,0.53,3.05,5,2297.79,0.53,17.27,1,1
4:43,-0.21,3.04,4.42,2297.71,-0.21,17.27,1,1
4:44,0.18,3.05,4.58,2297.82,0.18,17.27,1,1
4:45,-0.41,3.04,4.36,2297.64,-0.41,17.28,1,1
4:46,-0.22,3.05,4.72,2297.55,-0.22,17.28,1,1
4:47,-0.1,3.05,4.9,2297.52,-0.1,17.28,1,1
4:48,-0.09,3.05,4.96,2297.5,-0.09,17.29,1,1
4:49,0.12,3.05,5,2297.58,0.12,17.28,1,1
4:50,0.5,3.05,4.84,2297.85,0.5,17.27,1,1
4:51,-0.35,3.04,4.3,2297.7,-0.35,17.27,1,1
4:52,0.27,3.05,4.6,2297.86,0.27,17.27,1,1
4:53,0,3.04,4.28,2297.88,0,17.26,1,1
4:54,0.14,3.04,4.24,2297.97,0.14,17.26,1,1
4:55,0,3.04,4.06,2297.99,0,17.26,1,1
4:56,0.22,3.04,4.02,2298.12,0.22,17.25,1,1
4:57,-0.19,3.04,3.76,2298.04,-0.19,17.25,1,1
4:58,0.18,3.04,3.92,2298.15,0.18,17.25,1,1
4:59,-0.24,3.04,3.7,2298.05,-0.24,17.25,1,1
5:00,0.41,3.04,3.9,2298.27,0.41,17.24,1,1
5:01,-0.16,3.03,3.46,2298.21,-0.16,17.25,1,1
5:02,-0.22,3.04,3.58,2298.12,-0.22,17.25,1,1
5:03,0.05,3.04,3.76,2298.16,0.05,17.25,1,1
5:04,-0.19,3.04,3.68,2298.08,-0.19,17.25,1,1
5:05,-0.42,3.04,3.84,2297.89,-0.42,17.26,1,1
5:06,-0.14,3.04,4.22,2297.84,-0.14,17.27,1,1
5:07,0.46,3.04,4.32,2298.09,0.46,17.25,1,1
5:08,-0.23,3.04,3.82,2298,-0.23,17.26,1,1
5:09,-0.21,3.04,4,2297.91,-0.21,17.26,1,1
5:10,0.29,3.04,4.18,2298.07,0.29,17.25,1,1
5:11,-0.03,3.04,3.86,2298.08,-0.03,17.25,1,1
5:12,0.4,3.04,3.84,2298.3,0.4,17.24,1,1
5:13,0.08,3.03,3.4,2298.36,0.08,17.24,1,1
5:14,-0.3,3.03,3.28,2298.23,-0.3,17.24,1,1
5:15,-0.04,3.04,3.54,2298.23,-0.04,17.24,1,1
5:16,0.33,3.04,3.54,2298.41,0.33,17.23,1,1
5:17,-0.39,3.03,3.18,2298.23,-0.39,17.24,1,1
5:18,0.31,3.04,3.54,2298.4,0.31,17.23,1,1
5:19,0.53,3.03,3.2,2298.68,0.53,17.22,1,1
5:20,-0.06,3.03,2.64,2298.67,-0.06,17.22,1,1
5:21,0.48,3.03,2.66,2298.92,0.48,17.2,1,1
5:22,0.19,3.02,2.16,2299.03,0.19,17.2,1,1
5:23,-0.17,3.02,1.94,2298.96,-0.17,17.2,1,1
5:24,-0.04,3.02,2.08,2298.95,-0.04,17.2,1,1
5:25,0.04,3.02,2.1,2298.98,0.04,17.2,1,1
5:26,-0.41,3.02,2.04,2298.79,-0.41,17.21,1,1
5:27,-0.05,3.02,2.42,2298.78,-0.05,17.21,1,1
5:28,0.44,3.02,2.44,2299.01,0.44,17.2,1,1
5:29,-0.06,3.02,1.98,2298.99,-0.06,17.2,1,1
5:30,0.4,3.02,2.02,2299.2,0.4,17.19,1,1
5:31,0.07,3.02,1.6,2299.24,0.07,17.19,1,1
5:32,0.22,3.02,1.52,2299.36,0.22,17.18,1,1
5:33,0.24,3.01,1.28,2299.49,0.24,17.17,1,1
5:34,0.04,3.01,1.02,2299.52,0.04,17.17,1,1
5:35,-0.02,3.01,0.96,2299.52,-0.02,17.17,1,1
5:36,-0.06,3.01,0.96,2299.49,-0.06,17.17,1,1
5:37,-0.48,3.01,1.02,2299.25,-0.48,17.19,1,1
5:38,0.34,3.01,1.5,2299.42,0.34,17.18,1,1
5:39,0.04,3.01,1.16,2299.45,0.04,17.17,1,1
5:40,-0.04,3.01,1.1,2299.44,-0.04,17.17,1,1
5:41,0.3,3.01,1.12,2299.6,0.3,17.17,1,1
5:42,0.34,3.01,0.8,2299.78,0.34,17.16,1,1
5:43,-0.45,3,0.44,2299.56,-0.45,17.17,1,1
5:44,0.14,3.01,0.88,2299.63,0.14,17.16,1,1
5:45,-0.28,3.01,0.74,2299.49,-0.28,17.17,1,1
5:46,-0.04,3.01,1.02,2299.47,-0.04,17.17,1,1
5:47,-0.15,3.01,1.06,2299.4,-0.15,17.18,1,1
5:48,0.36,3.01,1.2,2299.59,0.36,17.17,1,1
5:49,0.21,3.01,0.82,2299.7,0.21,17.16,1,1
5:50,-0.27,3.01,0.6,2299.57,-0.27,17.17,1,1
5:51,-0.44,3.01,0.86,2299.35,-0.44,17.18,1,1
5:52,0.11,3.01,1.3,2299.41,0.11,17.18,1,1
5:53,-0.46,3.01,1.18,2299.19,-0.46,17.19,1,1
5:54,-0.04,3.02,1.62,2299.18,-0.04,17.19,1,1
5:55,0.49,3.02,1.64,2299.43,0.49,17.18,1,1
5:56,0.5,3.01,1.14,2299.69,0.5,17.16,1,1
5:57,0,3.01,0.62,2299.7,0,17.16,1,1
5:58,0.15,3.01,0.6,2299.78,0.15,17.16,1,1
5:59,0.12,3,0.44,2299.84,0.12,17.15,1,1
6:00,0.26,3,0.32,2299.97,0.26,17.14,1,1
6:01,0.04,3,0.06,2299.99,0.04,17.14,1,1
6:02,0.2,3,0.02,2300.09,0.2,17.14,1,1
6:03,0.43,3,-0.17,2300.31,0.43,17.13,1,1
6:04,-0.02,3.01,-0.61,2300.3,-0.02,17.13,1,1
6:05,-0.06,3.01,-0.59,2300.27,-0.06,17.13,1,1
6:06,-0.09,3.01,-0.53,2300.22,-0.09,17.13,1,1
6:07,0.48,3,-0.43,2300.46,0.48,17.12,1,1
6:08,-0.38,3.01,-0.91,2300.27,-0.38,17.13,1,1
6:09,0.44,3.01,-0.53,2300.49,0.44,17.11,1,1
6:10,0.46,3.01,-0.97,2300.72,0.46,17.1,1,1
6:11,0.04,3.01,-1.43,2300.74,0.04,17.1,1,1
6:12,-0.39,3.01,-1.47,2300.54,-0.39,17.11,1,1
6:13,0.03,3.01,-1.07,2300.55,0.03,17.11,1,1
6:14,0.48,3.01,-1.09,2300.78,0.48,17.1,1,1
6:15,-0.07,3.02,-1.55,2300.74,-0.07,17.1,1,1
6:16,0.47,3.01,-1.47,2300.97,0.47,17.09,1,1
6:17,0.1,3.02,-1.93,2301.01,0.1,17.09,1,1
6:18,0.24,3.02,-2.01,2301.12,0.24,17.08,1,1
6:19,0.04,3.02,-2.23,2301.13,0.04,17.08,1,1
6:20,-0.12,3.02,-2.25,2301.06,-0.12,17.08,1,1
6:21,-0.39,3.02,-2.11,2300.85,-0.39,17.09,1,1
6:22,-0.28,3.02,-1.69,2300.7,-0.28,17.1,1,1
6:23,-0.29,3.01,-1.39,2300.55,-0.29,17.11,1,1
6:24,0.13,3.01,-1.09,2300.61,0.13,17.11,1,1
6:25,0.35,3.01,-1.21,2300.78,0.35,17.1,1,1
6:26,-0.33,3.02,-1.55,2300.61,-0.33,17.11,1,1
6:27,-0.49,3.01,-1.21,2300.36,-0.49,17.12,1,1
6:28,0.45,3.01,-0.71,2300.58,0.45,17.11,1,1
6:29,-0.01,3.01,-1.15,2300.57,-0.01,17.11,1,1
6:30,-0.04,3.01,-1.13,2300.54,-0.04,17.11,1,1
6:31,-0.06,3.01,-1.07,2300.5,-0.06,17.11,1,1
6:32,0.19,3.01,-0.99,2300.59,0.19,17.11,1,1
6:33,0.16,3.01,-1.17,2300.66,0.16,17.11,1,1
6:34,-0.09,3.01,-1.31,2300.61,-0.09,17.11,1,1
6:35,0.21,3.01,-1.21,2300.71,0.21,17.1,1,1
6:36,-0.2,3.01,-1.41,2300.6,-0.2,17.11,1,1
6:37,0.03,3.01,-1.19,2300.61,0.03,17.11,1,1
6:38,0.12,3.01,-1.21,2300.66,0.12,17.11,1,1
6:39,-0.19,3.01,-1.31,2300.56,-0.19,17.11,1,1
6:40,0.4,3.01,-1.11,2300.75,0.4,17.1,1,1
6:41,-0.09,3.01,-1.49,2300.7,-0.09,17.1,1,1
6:42,0.21,3.01,-1.39,2300.8,0.21,17.1,1,1
6:43,-0.09,3.02,-1.59,2300.75,-0.09,17.1,1,1
6:44,-0.27,3.01,-1.49,2300.61,-0.27,17.11,1,1
6:45,0.29,3.01,-1.21,2300.75,0.29,17.1,1,1
6:46,-0.27,3.01,-1.49,2300.61,-0.27,17.11,1,1
6:47,-0.19,3.01,-1.21,2300.51,-0.19,17.11,1,1
6:48,0.23,3.01,-1.01,2300.62,0.23,17.11,1,1
6:49,0.01,3.01,-1.23,2300.62,0.01,17.11,1,1
6:50,-0.03,3.01,-1.23,2300.6,-0.03,17.11,1,1
6:51,0.41,3.01,-1.19,2300.8,0.41,17.1,1,1
6:52,0.3,3.02,-1.59,2300.94,0.3,17.09,1,1
6:53,0.08,3.02,-1.87,2300.97,0.08,17.09,1,1
6:54,-0.15,3.02,-1.93,2300.89,-0.15,17.09,1,1
6:55,0.14,3.02,-1.77,2300.95,0.14,17.09,1,1
6:56,-0.39,3.02,-1.89,2300.75,-0.39,17.1,1,1
6:57,0.27,3.01,-1.49,2300.88,0.27,17.09,1,1
6:58,0.04,3.02,-1.75,2300.89,0.04,17.09,1,1
6:59,0.12,3.02,-1.77,2300.94,0.12,17.09,1,1
7:00,0.08,3.02,-1.87,2300.97,0.08,17.09,1,1
7:01,-0.5,3.02,-1.93,2300.71,-0.5,17.1,1,1
7:02,0.07,3.01,-1.41,2300.74,0.07,17.1,1,1
7:03,0.3,3.01,-1.47,2300.88,0.3,17.09,1,1
7:04,-0.32,3.02,-1.75,2300.71,-0.32,17.1,1,1
7:05,-0.28,3.01,-1.41,2300.56,-0.28,17.11,1,1
7:06,-0.34,3.01,-1.11,2300.38,-0.34,17.12,1,1
7:07,0.45,3.01,-0.75,2300.6,0.45,17.11,1,1
7:08,0.12,3.01,-1.19,2300.66,0.12,17.11,1,1
7:09,0.35,3.01,-1.31,2300.83,0.35,17.1,1,1
7:10,-0.1,3.02,-1.65,2300.77,-0.1,17.1,1,1
7:11,-0.42,3.02,-1.53,2300.55,-0.42,17.11,1,1
7:12,-0.42,3.01,-1.09,2300.33,-0.42,17.12,1,1
7:13,0.21,3.01,-0.65,2300.43,0.21,17.12,1,1
7:14,0,3.01,-0.85,2300.43,0,17.12,1,1
7:15,0.43,3.01,-0.85,2300.64,0.43,17.11,1,1
7:16,-0.35,3.01,-1.27,2300.46,-0.35,17.12,1,1
7:17,-0.03,3.01,-0.91,2300.44,-0.03,17.12,1,1
7:18,-0.47,3.01,-0.87,2300.2,-0.47,17.13,1,1
7:19,-0.04,3,-0.39,2300.18,-0.04,17.13,1,1
7:20,0.37,3,-0.35,2300.36,0.37,17.12,1,1
7:21,0.03,3.01,-0.71,2300.37,0.03,17.12,1,1
7:22,-0.04,3.01,-0.73,2300.35,-0.04,17.12,1,1
7:23,0.22,3.01,-0.69,2300.46,0.22,17.12,1,1
7:24,0.29,3.01,-0.91,2300.6,0.29,17.11,1,1
7:25,-0.48,3.01,-1.19,2300.36,-0.48,17.12,1,1
7:26,0.18,3.01,-0.71,2300.44,0.18,17.12,1,1
7:27,-0.37,3.01,-0.87,2300.25,-0.37,17.13,1,1
7:28,0.32,3,-0.49,2300.41,0.32,17.12,1,1
7:29,-0.32,3.01,-0.81,2300.25,-0.32,17.13,1,1
7:30,0.2,3,-0.49,2300.35,0.2,17.12,1,1
7:31,0.03,3.01,-0.69,2300.36,0.03,17.12,1,1
7:32,-0.12,3.01,-0.71,2300.3,-0.12,17.13,1,1
7:33,-0.4,3.01,-0.59,2300.1,-0.4,17.14,1,1
7:34,0.38,3,-0.19,2300.29,0.38,17.13,1,1
7:35,-0.05,3.01,-0.57,2300.26,-0.05,17.13,1,1
7:36,-0.09,3.01,-0.51,2300.21,-0.09,17.13,1,1
7:37,-0.05,3,-0.41,2300.18,-0.05,17.13,1,1
7:38,-0.23,3,-0.35,2300.06,-0.23,17.14,1,1
7:39,-0.39,3,-0.11,2299.86,-0.39,17.15,1,1
7:40,0.36,3,0.28,2300.04,0.36,17.14,1,1
7:41,-0.37,3,-0.07,2299.86,-0.37,17.15,1,1
7:42,0.18,3,0.28,2299.95,0.18,17.15,1,1
7:43,-0.11,3,0.1,2299.9,-0.11,17.15,1,1
7:44,-0.31,3,0.2,2299.75,-0.31,17.16,1,1
7:45,-0.42,3,0.5,2299.54,-0.42,17.17,1,1
7:46,0.26,3.01,0.92,2299.67,0.26,17.16,1,1
7:47,-0.17,3.01,0.66,2299.59,-0.17,17.17,1,1
7:48,-0.33,3.01,0.82,2299.43,-0.33,17.18,1,1
7:49,0.47,3.01,1.14,2299.67,0.47,17.16,1,1
7:50,-0.11,3.01,0.66,2299.62,-0.11,17.16,1,1
7:51,0.1,3.01,0.76,2299.67,0.1,17.16,1,1
7:52,0.14,3.01,0.66,2299.74,0.14,17.16,1,1
7:53,-0.48,3.01,0.52,2299.5,-0.48,17.17,1,1
7:54,0.14,3.01,1,2299.57,0.14,17.17,1,1
7:55,-0.22,3.01,0.86,2299.46,-0.22,17.17,1,1
7:56,-0.32,3.01,1.08,2299.3,-0.32,17.18,1,1
7:57,0.06,3.01,1.4,2299.34,0.06,17.18,1,1
7:58,-0.21,3.01,1.32,2299.24,-0.21,17.19,1,1
7:59,-0.4,3.02,1.52,2299.05,-0.4,17.2,1,1
8:00,-0.25,3.02,1.9,2298.93,-0.25,17.2,1,1
8:01,0.51,3.02,2.14,2299.19,0.51,17.19,1,1
8:02,0.47,3.02,1.62,2299.44,0.47,17.17,1,1
8:03,0.03,3.01,1.12,2299.46,0.03,17.17,1,1
8:04,-0.46,3.01,1.08,2299.24,-0.46,17.19,1,1
8:05,-0.31,3.02,1.52,2299.09,-0.31,17.19,1,1
8:06,0.38,3.02,1.82,2299.29,0.38,17.18,1,1
8:07,0.38,3.01,1.42,2299.49,0.38,17.17,1,1
8:08,0.08,3.01,1.02,2299.54,0.08,17.17,1,1
8:09,0.24,3.01,0.92,2299.67,0.24,17.16,1,1
8:10,-0.35,3.01,0.66,2299.5,-0.35,17.17,1,1
8:11,-0.26,3.01,1,2299.37,-0.26,17.18,1,1
8:12,-0.34,3.01,1.26,2299.2,-0.34,17.19,1,1
8:13,0.4,3.02,1.6,2299.41,0.4,17.18,1,1
8:14,0.49,3.01,1.18,2299.66,0.49,17.16,1,1
8:15,0.46,3.01,0.68,2299.9,0.46,17.15,1,1
8:16,0.39,3,0.2,2300.1,0.39,17.14,1,1
8:17,-0.1,3,-0.19,2300.05,-0.1,17.14,1,1
8:18,-0.17,3,-0.09,2299.96,-0.17,17.15,1,1
8:19,-0.43,3,0.08,2299.74,-0.43,17.16,1,1
8:20,0.37,3.01,0.52,2299.93,0.37,17.15,1,1
8:21,0.24,3,0.14,2300.05,0.24,17.14,1,1
8:22,0.19,3,-0.09,2300.15,0.19,17.13,1,1
8:23,-0.1,3,-0.29,2300.1,-0.1,17.14,1,1
8:24,0.45,3,-0.19,2300.32,0.45,17.12,1,1
8:25,-0.21,3.01,-0.63,2300.21,-0.21,17.13,1,1
8:26,0.4,3,-0.41,2300.41,0.4,17.12,1,1
8:27,-0.25,3.01,-0.81,2300.28,-0.25,17.13,1,1
8:28,0.34,3.01,-0.55,2300.45,0.34,17.12,1,1
8:29,-0.29,3.01,-0.89,2300.3,-0.29,17.13,1,1
8:30,0.13,3.01,-0.59,2300.36,0.13,17.12,1,1
8:31,-0.42,3.01,-0.71,2300.15,-0.42,17.13,1,1
8:32,-0.18,3,-0.29,2300.06,-0.18,17.14,1,1
8:33,-0.11,3,-0.11,2300,-0.11,17.14,1,1
8:34,-0.39,3,0,2299.8,-0.39,17.15,1,1
8:35,0,3,0.4,2299.8,0,17.15,1,1
8:36,-0.15,3,0.4,2299.73,-0.15,17.16,1,1
8:37,-0.01,3.01,0.54,2299.73,-0.01,17.16,1,1
8:38,0.49,3.01,0.54,2299.98,0.49,17.14,1,1
8:39,0,3,0.04,2299.98,0,17.14,1,1
8:40,0.16,3,0.04,2300.06,0.16,17.14,1,1
8:41,-0.08,3,-0.11,2300.02,-0.08,17.14,1,1
8:42,-0.01,3,-0.03,2300.01,-0.01,17.14,1,1
8:43,0.12,3,-0.01,2300.07,0.12,17.14,1,1
8:44,0.44,3,-0.13,2300.29,0.44,17.13,1,1
8:45,0.27,3.01,-0.57,2300.42,0.27,17.12,1,1
8:46,-0.28,3.01,-0.83,2300.28,-0.28,17.13,1,1
8:47,0.14,3.01,-0.55,2300.35,0.14,17.12,1,1
8:48,-0.42,3.01,-0.69,2300.14,-0.42,17.13,1,1
8:49,0.21,3,-0.27,2300.24,0.21,17.13,1,1
8:50,0.44,3,-0.47,2300.46,0.44,17.12,1,1
8:51,-0.27,3.01,-0.91,2300.32,-0.27,17.12,1,1
8:52,-0.48,3.01,-0.63,2300.08,-0.48,17.14,1,1
8:53,0.44,3,-0.15,2300.3,0.44,17.13,1,1
8:54,0.22,3.01,-0.59,2300.41,0.22,17.12,1,1
8:55,0.39,3.01,-0.81,2300.6,0.39,17.11,1,1
8:56,-0.34,3.01,-1.19,2300.43,-0.34,17.12,1,1
8:57,-0.1,3.01,-0.85,2300.37,-0.1,17.12,1,1
8:58,-0.31,3.01,-0.73,2300.21,-0.31,17.13,1,1
8:59,0.02,3,-0.41,2300.22,0.02,17.13,1,1
9:00,-0.26,3,-0.43,2300.09,-0.26,17.14,1,1
9:01,-0.2,3,-0.17,2299.99,-0.2,17.14,1,1
9:02,-0.04,3,0.02,2299.97,-0.04,17.14,1,1
9:03,0.14,3,0.06,2300.04,0.14,17.14,1,1
9:04,0.14,3,-0.07,2300.11,0.14,17.14,1,1
9:05,-0.44,3,-0.21,2299.89,-0.44,17.15,1,1
9:06,0.17,3,0.22,2299.97,0.17,17.14,1,1
9:07,-0.4,3,0.06,2299.77,-0.4,17.16,1,1
9:08,0.15,3,0.46,2299.85,0.15,17.15,1,1
9:09,-0.08,3,0.3,2299.81,-0.08,17.15,1,1
9:10,-0.38,3,0.38,2299.62,-0.38,17.16,1,1
9:11,-0.11,3.01,0.76,2299.57,-0.11,17.17,1,1
9:12,0.29,3.01,0.86,2299.72,0.29,17.16,1,1
9:13,0.41,3.01,0.56,2299.93,0.41,17.15,1,1
9:14,0.1,3,0.14,2299.98,0.1,17.14,1,1
9:15,-0.07,3,0.04,2299.95,-0.07,17.15,1,1
9:16,0.17,3,0.1,2300.04,0.17,17.14,1,1
9:17,0.08,3,-0.07,2300.08,0.08,17.14,1,1
9:18,0.34,3,-0.15,2300.25,0.34,17.13,1,1
9:19,0.01,3,-0.49,2300.25,0.01,17.13,1,1
9:20,-0.06,3,-0.49,2300.22,-0.06,17.13,1,1
9:21,-0.1,3,-0.43,2300.17,-0.1,17.13,1,1
9:22,-0.27,3,-0.33,2300.03,-0.27,17.14,1,1
9:23,-0.3,3,-0.05,2299.88,-0.3,17.15,1,1
9:24,0.36,3,0.24,2300.06,0.36,17.14,1,1
9:25,0.25,3,-0.11,2300.19,0.25,17.13,1,1
9:26,0.23,3,-0.37,2300.3,0.23,17.13,1,1
9:27,0.06,3.01,-0.59,2300.33,0.06,17.12,1,1
9:28,0.23,3.01,-0.65,2300.44,0.23,17.12,1,1
9:29,0.33,3.01,-0.87,2300.6,0.33,17.11,1,1
9:30,-0.44,3.01,-1.19,2300.38,-0.44,17.12,1,1
9:31,-0.35,3.01,-0.75,2300.2,-0.35,17.13,1,1
9:32,-0.15,3,-0.39,2300.12,-0.15,17.14,1,1
9:33,-0.22,3,-0.23,2300.01,-0.22,17.14,1,1
9:34,0.1,3,-0.01,2300.06,0.1,17.14,1,1
9:35,-0.08,3,-0.11,2300.02,-0.08,17.14,1,1
9:36,-0.18,3,-0.03,2299.93,-0.18,17.15,1,1
9:37,-0.12,3,0.14,2299.87,-0.12,17.15,1,1
9:38,0.39,3,0.26,2300.07,0.39,17.14,1,1
9:39,0.49,3,-0.13,2300.32,0.49,17.12,1,1
9:40,-0.28,3.01,-0.63,2300.18,-0.28,17.13,1,1
9:41,0.04,3,-0.35,2300.2,0.04,17.13,1,1
9:42,-0.21,3,-0.39,2300.09,-0.21,17.14,1,1
9:43,0.09,3,-0.17,2300.13,0.09,17.14,1,1
9:44,0,3,-0.25,2300.13,0,17.14,1,1
9:45,0.15,3,-0.25,2300.2,0.15,17.13,1,1
9:46,0.23,3,-0.39,2300.31,0.23,17.13,1,1
9:47,-0.01,3.01,-0.61,2300.3,-0.01,17.13,1,1
9:48,-0.12,3.01,-0.59,2300.24,-0.12,17.13,1,1
9:49,0.05,3,-0.47,2300.26,0.05,17.13,1,1
9:50,-0.44,3.01,-0.51,2300.04,-0.44,17.14,1,1
9:51,-0.04,3,-0.07,2300.02,-0.04,17.14,1,1
9:52,-0.2,3,-0.03,2299.92,-0.2,17.15,1,1
9:53,-0.3,3,0.16,2299.77,-0.3,17.16,1,1
9:54,0.36,3,0.46,2299.95,0.36,17.15,1,1
9:55,0.02,3,0.1,2299.96,0.02,17.15,1,1
9:56,0.28,3,0.08,2300.1,0.28,17.14,1,1
9:57,-0.43,3,-0.19,2299.89,-0.43,17.15,1,1
9:58,0.27,3,0.22,2300.02,0.27,17.14,1,1
9:59,0.49,3,-0.03,2300.27,0.49,17.13,1,1
10:00,0.49,3.01,-0.53,2300.51,0.49,17.11,1,1
10:01,0.35,3.01,-1.01,2300.68,0.35,17.1,1,1
10:02,0.33,3.01,-1.35,2300.84,0.33,17.09,1,1
10:03,0.08,3.02,-1.67,2300.87,0.08,17.09,1,1
10:04,0.33,3.02,-1.73,2301.03,0.33,17.08,1,1
10:05,-0.26,3.02,-2.05,2300.89,-0.26,17.09,1,1
10:06,0.11,3.02,-1.77,2300.93,0.11,17.09,1,1
10:07,-0.4,3.02,-1.85,2300.72,-0.4,17.1,1,1
10:08,-0.28,3.01,-1.43,2300.57,-0.28,17.11,1,1
10:09,-0.13,3.01,-1.13,2300.5,-0.13,17.11,1,1
10:10,-0.42,3.01,-0.99,2300.28,-0.42,17.13,1,1
10:11,0.44,3.01,-0.55,2300.49,0.44,17.11,1,1
10:12,0.01,3.01,-0.97,2300.49,0.01,17.11,1,1
10:13,0.23,3.01,-0.97,2300.6,0.23,17.11,1,1
10:14,-0.17,3.01,-1.19,2300.51,-0.17,17.11,1,1
10:15,0.13,3.01,-1.01,2300.57,0.13,17.11,1,1
10:16,0.22,3.01,-1.13,2300.67,0.22,17.1,1,1
10:17,0.04,3.01,-1.33,2300.68,0.04,17.1,1,1
10:18,-0.43,3.01,-1.35,2300.46,-0.43,17.12,1,1
10:19,-0.03,3.01,-0.91,2300.44,-0.03,17.12,1,1
10:20,-0.31,3.01,-0.87,2300.28,-0.31,17.13,1,1
10:21,-0.1,3.01,-0.55,2300.23,-0.1,17.13,1,1
10:22,0.35,3,-0.45,2300.4,0.35,17.12,1,1
10:23,-0.41,3.01,-0.79,2300.19,-0.41,17.13,1,1
10:24,0.19,3,-0.37,2300.28,0.19,17.13,1,1
10:25,0.14,3.01,-0.55,2300.35,0.14,17.12,1,1
10:26,-0.05,3.01,-0.69,2300.32,-0.05,17.12,1,1
10:27,0.12,3.01,-0.63,2300.38,0.12,17.12,1,1
10:28,0.3,3.01,-0.75,2300.53,0.3,17.11,1,1
10:29,0.42,3.01,-1.05,2300.74,0.42,17.1,1,1
10:30,0.38,3.01,-1.47,2300.92,0.38,17.09,1,1
10:31,0,3.02,-1.83,2300.91,0,17.09,1,1
10:32,-0.16,3.02,-1.81,2300.82,-0.16,17.1,1,1
10:33,0.2,3.02,-1.63,2300.91,0.2,17.09,1,1
10:34,0.18,3.02,-1.81,2300.99,0.18,17.09,1,1
10:35,0.38,3.02,-1.97,2301.17,0.38,17.08,1,1
10:36,-0.14,3.02,-2.33,2301.09,-0.14,17.08,1,1
10:37,-0.37,3.02,-2.17,2300.89,-0.37,17.09,1,1
10:38,-0.18,3.02,-1.77,2300.79,-0.18,17.1,1,1
10:39,-0.31,3.02,-1.57,2300.63,-0.31,17.11,1,1
10:40,-0.26,3.01,-1.25,2300.49,-0.26,17.11,1,1
10:41,0.36,3.01,-0.97,2300.66,0.36,17.11,1,1
10:42,0,3.01,-1.31,2300.66,0,17.11,1,1
10:43,0.1,3.01,-1.31,2300.7,0.1,17.1,1,1
10:44,0.09,3.01,-1.39,2300.74,0.09,17.1,1,1
10:45,-0.15,3.01,-1.47,2300.66,-0.15,17.11,1,1
10:46,0.08,3.01,-1.31,2300.69,0.08,17.1,1,1
10:47,-0.31,3.01,-1.37,2300.53,-0.31,17.11,1,1
10:48,0.25,3.01,-1.05,2300.65,0.25,17.11,1,1
10:49,0.4,3.01,-1.29,2300.84,0.4,17.09,1,1
10:50,0.15,3.02,-1.67,2300.91,0.15,17.09,1,1
10:51,-0.33,3.02,-1.81,2300.74,-0.33,17.1,1,1
10:52,0.34,3.01,-1.47,2300.9,0.34,17.09,1,1
10:53,0.2,3.02,-1.79,2300.99,0.2,17.09,1,1
10:54,-0.04,3.02,-1.97,2300.96,-0.04,17.09,1,1
10:55,0.34,3.02,-1.91,2301.12,0.34,17.08,1,1
10:56,0.33,3.02,-2.23,2301.28,0.33,17.07,1,1
10:57,-0.33,3.03,-2.55,2301.1,-0.33,17.08,1,1
10:58,-0.2,3.02,-2.19,2300.99,-0.2,17.09,1,1
10:59,-0.21,3.02,-1.97,2300.87,-0.21,17.09,1,1
11:00,0.17,3.02,-1.73,2300.95,0.17,17.09,1,1
11:01,0.27,3.02,-1.89,2301.08,0.27,17.08,1,1
11:02,0.44,3.02,-2.15,2301.29,0.44,17.07,1,1
11:03,-0.27,3.03,-2.57,2301.14,-0.27,17.08,1,1
11:04,-0.25,3.02,-2.27,2301,-0.25,17.09,1,1
11:05,-0.37,3.02,-1.99,2300.8,-0.37,17.1,1,1
11:06,-0.16,3.02,-1.59,2300.71,-0.16,17.1,1,1
11:07,0.23,3.01,-1.41,2300.82,0.23,17.1,1,1
11:08,-0.16,3.02,-1.63,2300.73,-0.16,17.1,1,1
11:09,-0.41,3.01,-1.45,2300.52,-0.41,17.11,1,1
11:10,0.19,3.01,-1.03,2300.61,0.19,17.11,1,1
11:11,0.46,3.01,-1.21,2300.83,0.46,17.1,1,1
11:12,0.35,3.02,-1.65,2301,0.35,17.09,1,1
11:13,0.05,3.02,-1.99,2301.02,0.05,17.08,1,1
11:14,-0.04,3.02,-2.03,2300.99,-0.04,17.09,1,1
11:15,0.27,3.02,-1.97,2301.11,0.27,17.08,1,1
11:16,-0.33,3.02,-2.21,2300.94,-0.33,17.09,1,1
11:17,0.31,3.02,-1.87,2301.08,0.31,17.08,1,1
11:18,-0.15,3.02,-2.15,2301,-0.15,17.09,1,1
11:19,-0.02,3.02,-1.99,2300.98,-0.02,17.09,1,1
11:20,0.12,3.02,-1.95,2301.03,0.12,17.08,1,1
11:21,-0.15,3.02,-2.05,2300.95,-0.15,17.09,1,1
11:22,-0.5,3.02,-1.89,2300.69,-0.5,17.1,1,1
11:23,-0.31,3.01,-1.37,2300.53,-0.31,17.11,1,1
11:24,0.43,3.01,-1.05,2300.74,0.43,17.1,1,1
11:25,0.15,3.01,-1.47,2300.81,0.15,17.1,1,1
11:26,-0.28,3.02,-1.61,2300.66,-0.28,17.11,1,1
11:27,0.31,3.01,-1.31,2300.81,0.31,17.1,1,1
11:28,-0.42,3.02,-1.61,2300.59,-0.42,17.11,1,1
11:29,-0.47,3.01,-1.17,2300.35,-0.47,17.12,1,1
11:30,-0.22,3.01,-0.69,2300.23,-0.22,17.13,1,1
11:31,0.21,3,-0.45,2300.33,0.21,17.12,1,1
11:32,-0.38,3.01,-0.65,2300.14,-0.38,17.13,1,1
11:33,-0.22,3,-0.27,2300.03,-0.22,17.14,1,1
11:34,-0.46,3,-0.05,2299.8,-0.46,17.15,1,1
11:35,0.33,3,0.4,2299.96,0.33,17.15,1,1
11:36,0.29,3,0.08,2300.11,0.29,17.14,1,1
11:37,0.14,3,-0.21,2300.18,0.14,17.13,1,1
11:38,0.42,3,-0.35,2300.39,0.42,17.12,1,1
11:39,-0.2,3.01,-0.77,2300.29,-0.2,17.13,1,1
11:40,0.01,3.01,-0.57,2300.29,0.01,17.13,1,1
11:41,-0.22,3.01,-0.57,2300.18,-0.22,17.13,1,1
11:42,0.24,3,-0.35,2300.3,0.24,17.13,1,1
11:43,-0.21,3.01,-0.59,2300.19,-0.21,17.13,1,1
11:44,-0.37,3,-0.37,2300,-0.37,17.14,1,1
11:45,-0.41,3,0,2299.79,-0.41,17.15,1,1
11:46,0.4,3,0.42,2299.99,0.4,17.14,1,1
11:47,-0.01,3,0.02,2299.99,-0.01,17.14,1,1
11:48,0.42,3,0.02,2300.2,0.42,17.13,1,1
11:49,-0.44,3,-0.39,2299.98,-0.44,17.14,1,1
11:50,0.04,3,0.04,2300,0.04,17.14,1,1
11:51,-0.19,3,0,2299.91,-0.19,17.15,1,1
11:52,-0.36,3,0.18,2299.73,-0.36,17.16,1,1
11:53,0.15,3.01,0.54,2299.81,0.15,17.15,1,1
11:54,-0.25,3,0.38,2299.69,-0.25,17.16,1,1
11:55,-0.36,3.01,0.62,2299.51,-0.36,17.17,1,1
11:56,0.37,3.01,0.98,2299.7,0.37,17.16,1,1
11:57,-0.37,3.01,0.6,2299.52,-0.37,17.17,1,1
11:58,-0.3,3.01,0.96,2299.37,-0.3,17.18,1,1
11:59,0.07,3.01,1.26,2299.41,0.07,17.18,1,1
12:00,0.05,3.01,1.18,2299.44,0.05,17.17,1,1
12:01,0.21,3.01,1.12,2299.55,0.21,17.17,1,1
12:02,-0.2,3.01,0.9,2299.46,-0.2,17.17,1,1
12:03,0.34,3.01,1.08,2299.63,0.34,17.16,1,1
12:04,-0.41,3.01,0.74,2299.43,-0.41,17.18,1,1
12:05,-0.25,3.01,1.14,2299.31,-0.25,17.18,1,1
12:06,0.23,3.01,1.38,2299.43,0.23,17.18,1,1
12:07,0.4,3.01,1.14,2299.64,0.4,17.16,1,1
12:08,0.2,3.01,0.72,2299.75,0.2,17.16,1,1
12:09,0.01,3,0.5,2299.76,0.01,17.16,1,1
12:10,-0.39,3,0.48,2299.57,-0.39,17.17,1,1
12:11,0.49,3.01,0.86,2299.82,0.49,17.15,1,1
12:12,-0.22,3,0.36,2299.71,-0.22,17.16,1,1
12:13,0.19,3.01,0.58,2299.81,0.19,17.15,1,1
12:14,-0.09,3,0.38,2299.77,-0.09,17.16,1,1
12:15,-0.06,3,0.46,2299.74,-0.06,17.16,1,1
12:16,-0.36,3.01,0.52,2299.56,-0.36,17.17,1,1
12:17,-0.08,3.01,0.88,2299.52,-0.08,17.17,1,1
12:18,0.21,3.01,0.96,2299.63,0.21,17.16,1,1
12:19,0.39,3.01,0.74,2299.83,0.39,17.15,1,1
12:20,0.27,3,0.34,2299.97,0.27,17.14,1,1
12:21,0.06,3,0.06,2300,0.06,17.14,1,1
12:22,0.02,3,0,2300.01,0.02,17.14,1,1
12:23,0.11,3,-0.01,2300.06,0.11,17.14,1,1
12:24,-0.15,3,-0.11,2299.98,-0.15,17.14,1,1
12:25,0.07,3,0.04,2300.01,0.07,17.14,1,1
12:26,-0.3,3,-0.01,2299.86,-0.3,17.15,1,1
12:27,0.35,3,0.28,2300.03,0.35,17.14,1,1
12:28,0.39,3,-0.05,2300.23,0.39,17.13,1,1
12:29,0.38,3,-0.45,2300.42,0.38,17.12,1,1
12:30,0.44,3.01,-0.83,2300.64,0.44,17.11,1,1
12:31,0.07,3.01,-1.27,2300.67,0.07,17.1,1,1
12:32,0.24,3.01,-1.33,2300.78,0.24,17.1,1,1
12:33,0.29,3.02,-1.55,2300.92,0.29,17.09,1,1
12:34,-0.36,3.02,-1.83,2300.73,-0.36,17.1,1,1
12:35,-0.17,3.01,-1.45,2300.64,-0.17,17.11,1,1
12:36,-0.36,5,-199.99,2300.45,-0.36,17.12,0,1
12:37,-2.21,5,-199.99,2298.34,-2.21,17.24,0,1
12:38,-1.93,5,-199.99,2296.37,-1.93,17.35,0,1
12:39,-1.66,5,-199.99,2294.54,-1.66,17.45,0,1
12:40,-2.32,5,-199.99,2292.38,-2.32,17.58,0,1
12:41,-2.17,5,-199.99,2290.29,-2.17,17.7,0,1
12:42,-1.82,5,-199.99,2288.38,-1.82,17.81,0,1
12:43,-2.26,5,-199.99,2286.25,-2.26,17.93,0,1
12:44,-2.03,5,-199.99,2284.23,-2.03,18.04,0,1
12:45,-2.15,5,-199.99,2282.15,-2.15,18.16,0,1
12:46,-1.82,5,-199.99,2280.24,-1.82,18.27,0,1
12:47,-1.88,5,-199.99,2278.3,-1.88,18.38,0,1
12:48,-2.15,5,-199.99,2276.22,-2.15,18.5,0,1
12:49,-1.5,5,-199.99,2274.47,-1.5,18.6,0,1
12:50,-2.47,5,-199.99,2272.23,-2.47,18.73,0,1
12:51,-2.05,5,-199.99,2270.2,-2.05,18.85,0,1
12:52,-1.67,5,-199.99,2268.36,-1.67,18.95,0,1
12:53,-2.32,5,-199.99,2266.2,-2.32,19.07,0,1
12:54,-2.3,5,-199.99,2264.05,-2.3,19.2,0,1
12:55,-1.94,5,-199.99,2262.08,-1.94,19.31,0,1
12:56,-1.7,5,-199.99,2260.23,-1.7,19.42,0,1
12:57,-1.71,5,-199.99,2258.37,-1.71,19.52,0,1
12:58,-1.73,5,-199.99,2256.5,-1.73,19.63,0,1
12:59,-1.62,5,-199.99,2254.69,-1.62,19.73,0,1
13:00,-1.92,5,-199.99,2252.73,-1.92,19.84,0,1
13:01,-2.34,5,-199.99,2250.56,-2.34,19.97,0,1
13:02,-2.07,5,-199.99,2248.52,-2.07,20.08,0,1
13:03,-2.24,5,-199.99,2246.4,-2.24,20.21,0,1
13:04,-1.7,5,-199.99,2244.55,-1.7,20.31,0,1
13:05,-1.56,5,-199.99,2242.77,-1.56,20.41,0,1
13:06,-1.56,5,-199.99,2240.99,-1.56,20.51,0,1
13:07,-2.18,5,-199.99,2238.9,-2.18,20.63,0,1
13:08,-1.73,5,-199.99,2237.03,-1.73,20.74,0,1
13:09,-1.65,5,-199.99,2235.2,-1.65,20.85,0,1
13:10,-1.7,5,-199.99,2233.35,-1.7,20.95,0,1
13:11,-1.64,5,-199.99,2231.53,-1.64,21.06,0,1
13:12,-2.03,5,-199.99,2229.51,-2.03,21.17,0,1
13:13,-1.91,5,-199.99,2227.55,-1.91,21.28,0,1
13:14,-1.5,5,-199.99,2225.8,-1.5,21.38,0,1
13:15,-2.26,5,-199.99,2223.67,-2.26,21.5,0,1
13:16,-1.57,5,-199.99,2221.88,-1.57,21.61,0,1
13:17,-1.87,5,-199.99,2219.94,-1.87,21.72,0,1
13:18,-1.89,5,-199.99,2217.99,-1.89,21.83,0,1
13:19,-2.05,5,-199.99,2215.96,-2.05,21.95,0,1
13:20,-2.02,5,-199.99,2213.95,-2.02,22.06,0,1
13:21,-1.9,5,-199.99,2212,-1.9,22.17,0,1
13:22,-2.2,5,-199.99,2209.9,-2.2,22.29,0,1
13:23,-2.2,5,-199.99,2207.8,-2.2,22.41,0,1
13:24,-1.85,5,-199.99,2205.87,-1.85,22.52,0,1
13:25,-2.22,5,-199.99,2203.76,-2.22,22.64,0,1
13:26,-1.5,5,-199.99,2202.01,-1.5,22.74,0,1
13:27,-2.3,5,-199.99,2199.86,-2.3,22.87,0,1
13:28,-2.18,5,-199.99,2197.77,-2.18,22.98,0,1
13:29,-2.3,5,-199.99,2195.62,-2.3,23.11,0,1
13:30,-2.06,5,-199.99,2193.59,-2.06,23.22,0,1
13:31,-1.64,5,-199.99,2191.77,-1.64,23.33,0,1
13:32,-1.84,5,-199.99,2189.85,-1.84,23.44,0,1
13:33,-1.86,5,-199.99,2187.92,-1.86,23.55,0,1
13:34,-1.65,5,-199.99,2186.09,-1.65,23.65,0,1
13:35,-1.81,5,-199.99,2184.18,-1.81,23.76,0,1
13:36,-2.03,5,-199.99,2182.16,-2.03,23.88,0,1
13:37,-2,5,-199.99,2180.16,-2,23.99,0,1
13:38,-2.05,5,-199.99,2178.13,-2.05,24.11,0,1
13:39,-2.28,5,-199.99,2175.99,-2.28,24.23,0,1
13:40,-2.1,5,-199.99,2173.94,-2.1,24.35,0,1
13:41,-2.23,5,-199.99,2171.82,-2.23,24.47,0,1
13:42,-2.12,5,-199.99,2169.76,-2.12,24.59,0,1
13:43,-2.19,5,-199.99,2167.66,-2.19,24.71,0,1
13:44,-1.97,5,-199.99,2165.67,-1.97,24.82,0,1
13:45,-1.69,5,-199.99,2163.82,-1.69,24.92,0,1
13:46,-1.7,5,-199.99,2161.97,-1.7,25.03,0,1
13:47,-2.3,5,-199.99,2159.82,-2.3,25.15,0,1
13:48,-1.65,5,-199.99,2157.99,-1.65,25.26,0,1
13:49,-2.28,5,-199.99,2155.85,-2.28,25.38,0,1
13:50,-1.82,5,-199.99,2153.94,-1.82,25.49,0,1
13:51,-1.5,5,-199.99,2152.19,-1.5,25.59,0,1
13:52,-2.35,5,-199.99,2150.01,-2.35,25.71,0,1
13:53,-2.39,5,-199.99,2147.81,-2.39,25.84,0,1
13:54,-1.87,5,-199.99,2145.87,-1.87,25.95,0,1
13:55,-2.42,5,-199.99,2143.66,-2.42,26.08,0,1
13:56,-2.35,5,-199.99,2141.48,-2.35,26.2,0,1
13:57,-2.11,5,-199.99,2139.42,-2.11,26.32,0,1
13:58,-1.97,5,-199.99,2137.43,-1.97,26.43,0,1
13:59,-1.6,5,-199.99,2135.63,-1.6,26.54,0,1
14:00,-1.68,5,-199.99,2133.79,-1.68,26.64,0,1
14:01,-2.26,5,-199.99,2131.66,-2.26,26.76,0,1
14:02,-2.06,5,-199.99,2129.63,-2.06,26.88,0,1
14:03,-2.19,5,-199.99,2127.53,-2.19,27,0,1
14:04,-1.76,5,-199.99,2125.65,-1.76,27.11,0,1
14:05,-2.14,5,-199.99,2123.58,-2.14,27.22,0,1
14:06,-1.95,5,-199.99,2121.6,-1.95,27.34,0,1
14:07,-1.88,5,-199.99,2119.66,-1.88,27.45,0,1
14:08,-1.99,5,-199.99,2117.66,-1.99,27.56,0,1
14:09,-1.72,5,-199.99,2115.8,-1.72,27.67,0,1
14:10,-2.34,5,-199.99,2113.63,-2.34,27.79,0,1
14:11,-1.96,5,-199.99,2111.65,-1.96,27.91,0,1
14:12,-2.25,5,-199.99,2109.52,-2.25,28.03,0,1
14:13,-2.03,5,-199.99,2107.5,-2.03,28.14,0,1
14:14,-1.89,5,-199.99,2105.55,-1.89,28.25,0,1
14:15,-1.78,5,-199.99,2103.66,-1.78,28.36,0,1
14:16,-1.95,5,-199.99,2101.68,-1.95,28.48,0,1
14:17,-1.83,5,-199.99,2099.76,-1.83,28.59,0,1
14:18,-1.98,5,-199.51,2097.77,-1.98,28.7,0,1
14:19,-1.8,4.96,-195.53,2095.87,-1.8,28.81,0,1
14:20,-2.12,4.92,-191.73,2093.83,-2.12,28.92,0,1
14:21,-1.73,4.88,-187.65,2092.01,-1.73,29.03,0,1
14:22,-2.16,4.84,-184.01,2089.99,-2.16,29.14,0,1
14:23,-1.38,4.8,-179.97,2088.38,-1.38,29.24,0,1
14:24,-1.93,4.77,-176.75,2086.52,-1.93,29.34,0,1
14:25,-2.02,4.73,-173.03,2084.63,-2.02,29.45,0,1
14:26,-1.65,4.69,-169.25,2082.94,-1.65,29.55,0,1
14:27,-1.66,4.66,-165.87,2081.26,-1.66,29.64,0,1
14:28,-1.44,4.63,-162.51,2079.71,-1.44,29.73,0,1
14:29,-1.98,4.59,-159.41,2077.91,-1.98,29.83,0,1
14:30,-1.47,4.56,-155.81,2076.38,-1.47,29.92,0,1
14:31,-1.53,4.53,-152.75,2074.84,-1.53,30.01,0,1
14:32,-1.41,4.5,-149.67,2073.37,-1.41,30.09,0,1
14:33,-1.88,4.47,-146.73,2071.68,-1.88,30.19,0,1
14:34,-1.46,4.43,-143.35,2070.22,-1.46,30.27,0,1
14:35,-1.62,4.4,-140.43,2068.69,-1.62,30.36,0,1
14:36,-1.72,4.37,-137.37,2067.13,-1.72,30.45,0,1
14:37,-1.54,4.34,-134.25,2065.67,-1.54,30.53,0,1
14:38,-1.34,4.31,-131.33,2064.33,-1.34,30.61,0,1
14:39,-1.12,4.29,-128.65,2063.11,-1.12,30.68,0,1
14:40,-1.29,4.26,-126.21,2061.82,-1.29,30.75,0,1
14:41,-0.87,4.24,-123.63,2060.75,-0.87,30.81,0,1
14:42,-1.37,4.21,-121.49,2059.45,-1.37,30.89,0,1
14:43,-0.8,4.19,-118.89,2058.44,-0.8,30.95,0,1
14:44,-1.32,4.17,-116.87,2057.19,-1.32,31.02,0,1
14:45,-1.23,4.14,-114.37,2055.99,-1.23,31.09,0,1
14:46,-1.09,4.12,-111.97,2054.87,-1.09,31.15,0,1
14:47,-0.8,4.1,-109.73,2053.91,-0.8,31.21,0,1
14:48,-0.82,4.08,-107.81,2052.95,-0.82,31.26,0,1
14:49,-0.65,4.06,-105.89,2052.09,-0.65,31.31,0,1
14:50,-0.78,4.04,-104.17,2051.17,-0.78,31.36,0,1
14:51,-1.23,4.02,-102.33,2050.03,-1.23,31.43,0,1
14:52,-0.62,4,-100.05,2049.21,-0.62,31.47,0,1
14:53,-0.77,3.98,-98.41,2048.32,-0.77,31.52,0,1
14:54,-0.89,3.97,-96.63,2047.38,-0.89,31.58,0,1
14:55,-1.41,3.95,-94.75,2046.19,-1.41,31.65,0,1
14:56,-1,3.92,-92.37,2045.22,-1,31.7,0,1
14:57,-1.32,3.9,-90.43,2044.1,-1.32,31.77,0,1
14:58,-0.89,3.88,-88.19,2043.2,-0.89,31.82,0,1
14:59,-1.03,3.86,-86.39,2042.24,-1.03,31.87,0,1
15:00,-0.89,3.84,-84.47,2041.36,-0.89,31.92,0,1
15:01,-0.65,3.83,-82.71,2040.61,-0.65,31.97,0,1
15:02,-1.1,3.81,-81.21,2039.65,-1.1,32.02,0,1
15:03,-0.52,3.79,-79.29,2038.98,-0.52,32.06,0,1
15:04,-0.92,3.78,-77.95,2038.12,-0.92,32.11,0,1
15:05,-1.08,3.76,-76.23,2037.19,-1.08,32.16,0,1
15:06,-1.1,3.74,-74.37,2036.26,-1.1,32.21,0,1
15:07,-0.9,3.73,-72.51,2035.44,-0.9,32.26,0,1
15:08,-0.3,3.71,-70.87,2034.93,-0.3,32.29,0,1
15:09,-0.44,3.7,-69.85,2034.36,-0.44,32.32,0,1
15:10,-0.23,3.69,-68.71,2033.9,-0.23,32.35,0,1
15:11,-0.72,3.68,-67.79,2033.2,-0.72,32.39,0,1
15:12,-0.85,3.66,-66.39,2032.44,-0.85,32.43,0,1
15:13,-0.46,3.65,-64.87,2031.88,-0.46,32.46,0,1
15:14,-0.22,3.64,-63.75,2031.45,-0.22,32.49,0,1
15:15,-1.08,3.63,-62.89,2030.59,-1.08,32.54,0,1
15:16,-0.22,3.61,-61.17,2030.17,-0.22,32.56,0,1
15:17,-0.73,3.6,-60.33,2029.5,-0.73,32.6,0,1
15:18,-0.41,3.59,-58.99,2028.99,-0.41,32.63,0,1
15:19,-1.02,3.58,-57.97,2028.18,-1.02,32.68,0,1
15:20,-0.85,3.56,-56.35,2027.47,-0.85,32.72,0,1
15:21,-0.33,3.55,-54.93,2027.02,-0.33,32.74,0,1
15:22,-0.68,3.54,-54.03,2026.41,-0.68,32.78,0,1
15:23,-0.73,3.53,-52.81,2025.77,-0.73,32.81,0,1
15:24,-0.8,3.52,-51.53,2025.11,-0.8,32.85,0,1
15:25,-0.84,3.5,-50.21,2024.43,-0.84,32.89,0,1
15:26,-0.43,3.49,-48.85,2023.96,-0.43,32.92,0,1
15:27,-0.38,3.48,-47.91,2023.53,-0.38,32.94,0,1
15:28,0.01,3.47,-47.05,2023.3,0.01,32.95,0,1
15:29,-0.87,3.47,-46.59,2022.63,-0.87,32.99,0,1
15:30,-0.23,3.45,-45.25,2022.28,-0.23,33.01,0,1
15:31,-0.77,3.45,-44.55,2021.67,-0.77,33.05,0,1
15:32,-0.8,3.43,-43.33,2021.05,-0.8,33.08,0,1
15:33,-0.37,3.42,-42.09,2020.65,-0.37,33.11,0,1
15:34,-0.65,3.41,-41.29,2020.11,-0.65,33.14,0,1
15:35,-0.26,3.4,-40.21,2019.77,-0.26,33.16,0,1
15:36,-0.32,3.4,-39.53,2019.41,-0.32,33.18,0,1
15:37,-0.19,3.39,-38.81,2019.12,-0.19,33.19,0,1
15:38,-0.38,3.38,-38.23,2018.74,-0.38,33.21,0,1
15:39,-0.54,3.37,-37.47,2018.28,-0.54,33.24,0,1
15:40,-0.71,3.37,-36.55,2017.74,-0.71,33.27,0,1
15:41,-0.27,3.35,-35.47,2017.42,-0.27,33.29,0,1
15:42,-0.78,3.35,-34.83,2016.85,-0.78,33.32,0,1
15:43,0.11,3.34,-33.69,2016.73,0.11,33.33,0,1
15:44,-0.71,3.33,-33.45,2016.21,-0.71,33.36,0,1
15:45,-0.14,3.32,-32.41,2015.97,-0.14,33.37,0,1
15:46,-0.49,3.32,-31.93,2015.56,-0.49,33.4,0,1
15:47,-0.62,3.31,-31.11,2015.09,-0.62,33.42,0,1
15:48,0.1,3.3,-30.17,2014.98,0.1,33.43,0,1
15:49,-0.28,3.3,-29.95,2014.69,-0.28,33.45,0,1
15:50,-0.23,3.29,-29.37,2014.43,-0.23,33.46,0,1
15:51,-0.75,3.29,-28.85,2013.91,-0.75,33.49,0,1
15:52,-0.21,3.28,-27.81,2013.66,-0.21,33.51,0,1
15:53,-0.45,3.27,-27.31,2013.3,-0.45,33.53,0,1
15:54,-0.57,3.27,-26.59,2012.88,-0.57,33.55,0,1
15:55,-0.14,3.26,-25.75,2012.68,-0.14,33.56,0,1
15:56,-0.04,3.25,-25.35,2012.53,-0.04,33.57,0,1
15:57,-0.61,3.25,-25.05,2012.1,-0.61,33.59,0,1
15:58,-0.2,3.24,-24.19,2011.87,-0.2,33.61,0,1
15:59,-0.11,3.24,-23.73,2011.69,-0.11,33.62,0,1
16:00,-0.03,3.23,-23.37,2011.56,-0.03,33.63,0,1
16:01,0.07,3.23,-23.11,2011.48,0.07,33.63,0,1
16:02,-0.34,3.23,-22.95,2011.19,-0.34,33.65,0,1
16:03,-0.23,3.22,-22.37,2010.96,-0.23,33.66,0,1
16:04,-0.08,3.22,-21.91,2010.81,-0.08,33.67,0,1
16:05,-0.65,3.22,-21.61,2010.38,-0.65,33.69,0,1
16:06,0.21,3.21,-20.75,2010.38,0.21,33.69,0,1
16:07,-0.04,3.21,-20.75,2010.26,-0.04,33.7,0,1
16:08,-0.59,3.21,-20.51,2009.86,-0.59,33.72,0,1
16:09,0,3.2,-19.71,2009.76,0,33.73,0,1
16:10,0.02,3.2,-19.51,2009.67,0.02,33.73,0,1
16:11,-0.2,3.19,-19.33,2009.47,-0.2,33.74,0,1
16:12,0.28,3.19,-18.93,2009.51,0.28,33.74,0,1
16:13,-0.62,3.19,-19.01,2009.11,-0.62,33.77,0,1
16:14,-0.2,3.18,-18.21,2008.91,-0.2,33.78,0,1
16:15,-0.52,3.18,-17.81,2008.56,-0.52,33.8,0,1
16:16,0.25,3.17,-17.11,2008.6,0.25,33.79,0,1
16:17,0.27,3.17,-17.19,2008.65,0.27,33.79,0,1
16:18,0.28,3.17,-17.29,2008.7,0.28,33.79,0,1
16:19,-0.12,3.17,-17.39,2008.55,-0.12,33.8,0,1
16:20,-0.03,3.17,-17.09,2008.45,-0.03,33.8,0,1
16:21,-0.43,3.17,-16.89,2008.15,-0.43,33.82,0,1
16:22,0,3.16,-16.29,2008.07,0,33.82,0,1
16:23,-0.23,3.16,-16.13,2007.87,-0.23,33.84,0,1
16:24,0.16,3.16,-15.73,2007.87,0.16,33.84,0,1
16:25,0.09,3.16,-15.73,2007.84,0.09,33.84,0,1
16:26,0.18,3.16,-15.67,2007.85,0.18,33.84,0,1
16:27,0,3.16,-15.69,2007.77,0,33.84,0,1
16:28,0.34,3.16,-15.53,2007.86,0.34,33.84,0,1
16:29,-0.29,3.16,-15.71,2007.64,-0.29,33.85,0,1
16:30,0.02,3.15,-15.27,2007.57,0.02,33.85,0,1
16:31,0.14,3.15,-15.13,2007.56,0.14,33.85,0,1
16:32,-0.54,3.15,-15.11,2007.21,-0.54,33.87,0,1
16:33,-0.55,3.14,-14.41,2006.86,-0.55,33.89,0,1
16:34,0.16,3.14,-13.71,2006.87,0.16,33.89,0,1
16:35,-0.1,3.14,-13.73,2006.75,-0.1,33.9,0,1
16:36,0.22,3.13,-13.49,2006.79,0.22,33.9,0,1
16:37,0.33,3.14,-13.57,2006.89,0.33,33.89,0,1
16:38,-0.19,3.14,-13.77,2006.73,-0.19,33.9,0,1
16:39,-0.32,3.13,-13.45,2006.5,-0.32,33.91,0,1
16:40,-0.57,3.13,-12.99,2006.15,-0.57,33.93,0,1
16:41,-0.13,3.12,-12.29,2006.02,-0.13,33.94,0,1
16:42,0.37,3.12,-12.03,2006.14,0.37,33.93,0,1
16:43,0.24,3.12,-12.27,2006.2,0.24,33.93,0,1
16:44,0.06,3.12,-12.39,2006.17,0.06,33.93,0,1
16:45,0.04,3.12,-12.33,2006.13,0.04,33.94,0,1
16:46,-0.16,3.12,-12.25,2005.99,-0.16,33.94,0,1
16:47,-0.03,3.12,-11.97,2005.91,-0.03,33.95,0,1
16:48,0.08,3.12,-11.81,2005.89,0.08,33.95,0,1
16:49,-0.48,3.12,-11.77,2005.59,-0.48,33.97,0,1
16:50,0.2,3.11,-11.17,2005.63,0.2,33.96,0,1
16:51,0.22,3.11,-11.25,2005.68,0.22,33.96,0,1
16:52,-0.57,3.11,-11.35,2005.34,-0.57,33.98,0,1
16:53,-0.04,3.11,-10.67,2005.26,-0.04,33.99,0,1
16:54,0.24,3.11,-10.51,2005.33,0.24,33.98,0,1
16:55,0.06,3.11,-10.65,2005.31,0.06,33.98,0,1
16:56,-0.46,3.11,-10.61,2005.03,-0.46,34,0,1
16:57,-0.5,3.1,-10.05,2004.73,-0.5,34.02,0,1
16:58,-0.31,3.09,-9.45,2004.52,-0.31,34.03,0,1
16:59,-0.34,3.09,-9.03,2004.3,-0.34,34.04,0,1
17:00,-0.26,3.09,-8.59,2004.12,-0.26,34.05,0,1
17:01,-0.22,3.08,-8.23,2003.97,-0.22,34.06,0,1
17:02,-0.19,3.08,-7.93,2003.83,-0.19,34.07,0,1
17:03,-0.04,3.08,-7.65,2003.77,-0.04,34.07,0,1
17:04,-0.45,3.08,-7.53,2003.51,-0.45,34.09,0,1
17:05,-0.5,3.07,-7.01,2003.22,-0.5,34.1,0,1
17:06,-0.15,3.06,-6.43,2003.11,-0.15,34.11,0,1
17:07,-0.07,3.06,-6.21,2003.04,-0.07,34.11,0,1
17:08,0.13,3.06,-6.07,2003.07,0.13,34.11,0,1
17:09,-0.09,3.06,-6.13,2002.99,-0.09,34.11,0,1
17:10,-0.5,3.06,-5.97,2002.71,-0.5,34.13,0,1
17:11,0,3.05,-5.41,2002.68,0,34.13,0,1
17:12,-0.35,3.05,-5.35,2002.48,-0.35,34.14,0,1
17:13,-0.04,3.05,-4.95,2002.43,-0.04,34.15,0,1
17:14,-0.46,3.05,-4.85,2002.18,-0.46,34.16,0,1
17:15,-0.42,3.04,-4.35,2001.95,-0.42,34.17,0,1
17:16,-0.38,3.04,-3.89,2001.74,-0.38,34.19,0,1
17:17,0.34,3.03,-3.47,2001.89,0.34,34.18,0,1
17:18,0.22,3.04,-3.77,2001.98,0.22,34.17,0,1
17:19,-0.29,3.04,-3.95,2001.82,-0.29,34.18,0,1
17:20,0.11,3.04,-3.63,2001.86,0.11,34.18,0,1
17:21,0.13,3.04,-3.71,2001.91,0.13,34.18,0,1
17:22,-0.13,3.04,-3.81,2001.83,-0.13,34.18,0,1
17:23,0.23,3.04,-3.65,2001.93,0.23,34.18,0,1
17:24,0.18,3.04,-3.85,2002,0.18,34.17,0,1
17:25,0.29,3.04,-3.99,2002.13,0.29,34.16,0,1
17:26,0.21,3.04,-4.25,2002.21,0.21,34.16,0,1
17:27,0.21,3.04,-4.41,2002.29,0.21,34.15,0,1
17:28,0.21,3.05,-4.57,2002.37,0.21,34.15,0,1
17:29,-0.01,3.05,-4.73,2002.34,-0.01,34.15,0,1
17:30,0.25,3.05,-4.67,2002.44,0.25,34.15,0,1
17:31,-0.27,3.05,-4.87,2002.28,-0.27,34.16,0,1
17:32,-0.37,3.05,-4.55,2002.07,-0.37,34.17,0,1
17:33,0.16,3.04,-4.13,2002.13,0.16,34.16,0,1
17:34,0.29,3.04,-4.25,2002.25,0.29,34.16,0,1
17:35,-0.5,3.04,-4.49,2001.98,-0.5,34.17,0,1
17:36,0.43,3.04,-3.95,2002.17,0.43,34.16,0,1
17:37,0.44,3.04,-4.33,2002.37,0.44,34.15,0,1
17:38,0.45,3.05,-4.73,2002.57,0.45,34.14,0,1
17:39,0.14,3.05,-5.13,2002.62,0.14,34.14,0,1
17:40,-0.17,3.05,-5.23,2002.51,-0.17,34.14,0,1
17:41,-0.31,3.05,-5.01,2002.33,-0.31,34.15,0,1
17:42,0.13,3.05,-4.65,2002.37,0.13,34.15,0,1
17:43,-0.43,3.05,-4.73,2002.13,-0.43,34.16,0,1
17:44,-0.03,3.04,-4.25,2002.09,-0.03,34.17,0,1
17:45,0.14,3.04,-4.17,2002.14,0.14,34.16,0,1
17:46,0.33,3.04,-4.27,2002.28,0.33,34.16,0,1
17:47,-0.43,3.05,-4.55,2002.04,-0.43,34.17,0,1
17:48,0.29,3.04,-4.07,2002.16,0.29,34.16,0,1
17:49,0.22,3.04,-4.31,2002.25,0.22,34.16,0,1
17:50,0.37,3.04,-4.49,2002.41,0.37,34.15,0,1
17:51,-0.51,3.05,-4.81,2002.13,-0.51,34.16,0,1
17:52,-0.21,3.04,-4.25,2002,-0.21,34.17,0,1
17:53,0.41,3.04,-3.99,2002.18,0.41,34.16,0,1
17:54,-0.06,3.04,-4.35,2002.13,-0.06,34.16,0,1
17:55,-0.09,3.04,-4.25,2002.06,-0.09,34.17,0,1
17:56,-0.19,3.04,-4.11,2001.94,-0.19,34.17,0,1
17:57,-0.37,3.04,-3.87,2001.73,-0.37,34.19,0,1
17:58,-0.51,3.03,-3.45,2001.46,-0.51,34.2,0,1
17:59,0.37,3.03,-2.91,2001.63,0.37,34.19,0,1
18:00,0.25,3.03,-3.25,2001.74,0.25,34.19,0,1
18:01,0.05,3.03,-3.47,2001.75,0.05,34.19,0,1
18:02,0.13,3.03,-3.49,2001.8,0.13,34.18,0,1
18:03,0.01,3.04,-3.59,2001.79,0.01,34.18,0,1
18:04,-0.01,3.04,-3.57,2001.77,-0.01,34.18,0,1
18:05,-0.01,3.04,-3.53,2001.75,-0.01,34.19,0,1
18:06,0.25,3.03,-3.49,2001.86,0.25,34.18,0,1
18:07,-0.21,3.04,-3.71,2001.74,-0.21,34.19,0,1
18:08,-0.1,3.03,-3.47,2001.67,-0.1,34.19,0,1
18:09,-0.26,3.03,-3.33,2001.52,-0.26,34.2,0,1
18:10,0.17,3.03,-3.03,2001.59,0.17,34.19,0,1
18:11,0.26,3.03,-3.17,2001.7,0.26,34.19,0,1
18:12,-0.15,3.03,-3.39,2001.61,-0.15,34.19,0,1
18:13,-0.31,3.03,-3.21,2001.44,-0.31,34.2,0,1
18:14,0.25,3.03,-2.87,2001.55,0.25,34.2,0,1
18:15,-0.23,3.03,-3.09,2001.42,-0.23,34.2,0,1
18:16,0.08,3.03,-2.83,2001.44,0.08,34.2,0,1
18:17,0.47,3.03,-2.87,2001.66,0.47,34.19,0,1
18:18,0.38,3.03,-3.31,2001.84,0.38,34.18,0,1
18:19,0.29,3.04,-3.67,2001.97,0.29,34.17,0,1
18:20,-0.16,3.04,-3.93,2001.87,-0.16,34.18,0,1
18:21,0.38,3.04,-3.73,2002.04,0.38,34.17,0,1
18:22,0.09,3.04,-4.07,2002.07,0.09,34.17,0,1
18:23,0.12,3.04,-4.13,2002.11,0.12,34.17,0,1
18:24,0.39,3.04,-4.21,2002.28,0.39,34.16,0,1
18:25,0.12,3.05,-4.55,2002.32,0.12,34.15,0,1
18:26,-0.16,3.05,-4.63,2002.22,-0.16,34.16,0,1
18:27,-0.07,3.04,-4.43,2002.16,-0.07,34.16,0,1
18:28,-0.3,3.04,-4.31,2001.99,-0.3,34.17,0,1
18:29,0.05,3.04,-3.97,2001.99,0.05,34.17,0,1
18:30,0.21,3.04,-3.97,2002.08,0.21,34.17,0,1
18:31,-0.48,3.04,-4.15,2001.82,-0.48,34.18,0,1
18:32,-0.11,3.04,-3.63,2001.74,-0.11,34.19,0,1
18:33,-0.19,3.03,-3.47,2001.63,-0.19,34.19,0,1
18:34,-0.26,3.03,-3.25,2001.48,-0.26,34.2,0,1
18:35,0.09,3.03,-2.95,2001.51,0.09,34.2,0,1
18:36,0.34,3.03,-3.01,2001.67,0.34,34.19,0,1
18:37,0.04,3.03,-3.33,2001.67,0.04,34.19,0,1
18:38,-0.52,3.03,-3.33,2001.39,-0.52,34.21,0,1
18:39,0.43,3.03,-2.77,2001.59,0.43,34.19,0,1
18:40,0.4,3.03,-3.17,2001.78,0.4,34.18,0,1
18:41,-0.4,3.04,-3.55,2001.56,-0.4,34.2,0,1
18:42,0.38,3.03,-3.11,2001.73,0.38,34.19,0,1
18:43,-0.29,3.03,-3.45,2001.57,-0.29,34.2,0,1
18:44,0.28,3.03,-3.13,2001.69,0.28,34.19,0,1
18:45,-0.1,3.03,-3.37,2001.62,-0.1,34.19,0,1
18:46,-0.27,3.03,-3.23,2001.47,-0.27,34.2,0,1
18:47,0.19,3.03,-2.93,2001.55,0.19,34.2,0,1
18:48,0.32,3.03,-3.09,2001.7,0.32,34.19,0,1
18:49,0.38,3.03,-3.39,2001.87,0.38,34.18,0,1
18:50,-0.41,3.04,-3.73,2001.65,-0.41,34.19,0,1
18:51,0.06,3.03,-3.29,2001.66,0.06,34.19,0,1
18:52,-0.2,3.03,-3.31,2001.54,-0.2,34.2,0,1
18:53,0.2,3.03,-3.07,2001.62,0.2,34.19,0,1
18:54,0.05,3.03,-3.23,2001.63,0.05,34.19,0,1
18:55,-0.12,3.03,-3.25,2001.55,-0.12,34.2,0,1
18:56,0.35,3.03,-3.09,2001.71,0.35,34.19,0,1
18:57,0,3.03,-3.41,2001.69,0,34.19,0,1
18:58,-0.47,3.03,-3.37,2001.44,-0.47,34.2,0,1
18:59,0.46,3.03,-2.87,2001.65,0.46,34.19,0,1
19:00,0.13,3.03,-3.29,2001.7,0.13,34.19,0,1
19:01,-0.3,3.03,-3.39,2001.53,-0.3,34.2,0,1
19:02,-0.2,3.03,-3.05,2001.41,-0.2,34.21,0,1
19:03,-0.02,3.03,-2.81,2001.38,-0.02,34.21,0,1
19:04,-0.05,3.03,-2.75,2001.34,-0.05,34.21,0,1
19:05,-0.12,3.03,-2.67,2001.27,-0.12,34.21,0,1
19:06,-0.27,3.03,-2.53,2001.12,-0.27,34.22,0,1
19:07,-0.42,3.02,-2.23,2000.9,-0.42,34.23,0,1
19:08,0.24,3.02,-1.79,2001.01,0.24,34.23,0,1
19:09,0.27,3.02,-2.01,2001.14,0.27,34.22,0,1
19:10,-0.06,3.02,-2.27,2001.1,-0.06,34.22,0,1
19:11,0.23,3.02,-2.19,2001.2,0.23,34.22,0,1
19:12,0.36,3.02,-2.39,2001.37,0.36,34.21,0,1
19:13,-0.42,3.03,-2.73,2001.15,-0.42,34.22,0,1
19:14,-0.49,3.02,-2.29,2000.89,-0.49,34.23,0,1
19:15,0.39,3.02,-1.77,2001.07,0.39,34.22,0,1
19:16,0.23,3.02,-2.13,2001.18,0.23,34.22,0,1
19:17,-0.39,3.02,-2.35,2000.97,-0.39,34.23,0,1
19:18,-0.1,3.02,-1.93,2000.91,-0.1,34.23,0,1
19:19,0.03,3.02,-1.81,2000.92,0.03,34.23,0,1
19:20,-0.49,3.02,-1.83,2000.67,-0.49,34.25,0,1
19:21,-0.31,3.01,-1.33,2000.51,-0.31,34.26,0,1
19:22,0.11,3.01,-1.01,2000.56,0.11,34.25,0,1
19:23,0.16,3.01,-1.11,2000.63,0.16,34.25,0,1
19:24,0.08,3.01,-1.25,2000.66,0.08,34.25,0,1
19:25,-0.31,3.01,-1.31,2000.5,-0.31,34.26,0,1
19:26,-0.36,3.01,-0.99,2000.31,-0.36,34.27,0,1
19:27,-0.41,3.01,-0.61,2000.1,-0.41,34.28,0,1
19:28,-0.14,3,-0.19,2000.03,-0.14,34.28,0,1
19:29,0.43,3,-0.05,2000.24,0.43,34.27,0,1
19:30,-0.17,3,-0.47,2000.15,-0.17,34.28,0,1
19:31,-0.21,3,-0.29,2000.04,-0.21,34.28,0,1
19:32,0.04,3,-0.07,2000.06,0.04,34.28,0,1
19:33,-0.14,3,-0.11,1999.99,-0.14,34.29,0,1
19:34,-0.21,3,0.02,1999.88,-0.21,34.29,0,1
19:35,0.34,3,0.24,2000.05,0.34,34.28,0,1
19:36,0.36,3,-0.09,2000.23,0.36,34.27,0,1
19:37,-0.39,3,-0.45,2000.03,-0.39,34.28,0,1
19:38,0.37,3,-0.05,2000.21,0.37,34.27,0,1
19:39,-0.03,3,-0.41,2000.19,-0.03,34.27,0,1
19:40,0.39,3,-0.37,2000.38,0.39,34.26,0,1
19:41,-0.2,3.01,-0.75,2000.28,-0.2,34.27,0,1
19:42,-0.23,3.01,-0.55,2000.16,-0.23,34.28,0,1
19:43,0.44,3,-0.31,2000.38,0.44,34.26,0,1
19:44,0.44,3.01,-0.75,2000.6,0.44,34.25,0,1
19:45,0.3,3.01,-1.19,2000.75,0.3,34.24,0,1
19:46,0.19,3.01,-1.49,2000.84,0.19,34.24,0,1
19:47,0.3,3.02,-1.67,2000.98,0.3,34.23,0,1
19:48,-0.05,3.02,-1.95,2000.95,-0.05,34.23,0,1
19:49,0.37,3.02,-1.89,2001.13,0.37,34.22,0,1
19:50,-0.48,3.02,-2.25,2000.88,-0.48,34.24,0,1
19:51,0,3.02,-1.75,2000.87,0,34.24,0,1
19:52,-0.46,3.02,-1.73,2000.63,-0.46,34.25,0,1
19:53,0.42,3.01,-1.25,2000.83,0.42,34.24,0,1
19:54,-0.07,3.02,-1.65,2000.79,-0.07,34.24,0,1
19:55,0.21,3.02,-1.57,2000.89,0.21,34.23,0,1
19:56,0.39,3.02,-1.77,2001.08,0.39,34.22,0,1
19:57,-0.22,3.02,-2.15,2000.96,-0.22,34.23,0,1
19:58,0.05,3.02,-1.91,2000.97,0.05,34.23,0,1
19:59,-0.14,3.02,-1.93,2000.89,-0.14,34.23,0,1
20:00,-0.36,3.02,-1.77,2000.7,-0.36,34.25,0,1
20:01,-0.24,3.01,-1.39,2000.57,-0.24,34.25,0,1
20:02,0.49,3.01,-1.13,2000.81,0.49,34.24,0,1
20:03,-0.12,3.02,-1.61,2000.74,-0.12,34.24,0,1
20:04,-0.28,3.01,-1.47,2000.59,-0.28,34.25,0,1
20:05,-0.28,3.01,-1.17,2000.44,-0.28,34.26,0,1
20:06,-0.43,3.01,-0.87,2000.22,-0.43,34.27,0,1
20:07,-0.26,3,-0.43,2000.09,-0.26,34.28,0,1
20:08,-0.21,3,-0.17,1999.98,-0.21,34.29,0,1
20:09,-0.07,3,0.04,1999.94,-0.07,34.29,0,1
20:10,0.14,3,0.12,2000.01,0.14,34.29,0,1
20:11,-0.46,3,-0.01,1999.78,-0.46,34.3,0,1
20:12,-0.49,3,0.44,1999.53,-0.49,34.31,0,1
20:13,0.15,3.01,0.94,1999.61,0.15,34.31,0,1
20:14,-0.29,3.01,0.78,1999.47,-0.29,34.32,0,1
20:15,-0.25,3.01,1.06,1999.35,-0.25,34.32,0,1
20:16,-0.02,3.01,1.3,1999.35,-0.02,34.32,0,1
20:17,-0.14,3.01,1.3,1999.29,-0.14,34.33,0,1
20:18,-0.04,3.01,1.42,1999.28,-0.04,34.33,0,1
20:19,-0.05,3.01,1.44,1999.26,-0.05,34.33,0,1
20:20,0.2,3.01,1.48,1999.37,0.2,34.32,0,1
20:21,-0.07,3.01,1.26,1999.34,-0.07,34.32,0,1
20:22,-0.15,3.01,1.32,1999.27,-0.15,34.33,0,1
20:23,0.03,3.01,1.46,1999.29,0.03,34.33,0,1
20:24,-0.47,3.01,1.42,1999.06,-0.47,34.34,0,1
20:25,0.27,3.02,1.88,1999.2,0.27,34.33,0,1
20:26,-0.23,3.02,1.6,1999.09,-0.23,34.34,0,1
20:27,-0.08,3.02,1.82,1999.06,-0.08,34.34,0,1
20:28,0.12,3.02,1.88,1999.13,0.12,34.34,0,1
20:29,0.14,3.02,1.74,1999.21,0.14,34.33,0,1
20:30,0.32,3.02,1.58,1999.38,0.32,34.32,0,1
20:31,0.35,3.01,1.24,1999.56,0.35,34.31,0,1
20:32,-0.11,3.01,0.88,1999.51,-0.11,34.31,0,1
20:33,-0.2,3.01,0.98,1999.41,-0.2,34.32,0,1
20:34,-0.39,3.01,1.18,1999.22,-0.39,34.33,0,1
20:35,-0.15,3.02,1.56,1999.15,-0.15,34.33,0,1
20:36,-0.36,3.02,1.7,1998.98,-0.36,34.34,0,1
20:37,-0.11,3.02,2.04,1998.93,-0.11,34.35,0,1
20:38,0.47,3.02,2.14,1999.18,0.47,34.33,0,1
20:39,0,3.02,1.64,1999.19,0,34.33,0,1
20:40,-0.37,3.02,1.62,1999.01,-0.37,34.34,0,1
20:41,-0.25,3.02,1.98,1998.89,-0.25,34.35,0,1
20:42,0.01,3.02,2.22,1998.9,0.01,34.35,0,1
20:43,0.19,3.02,2.2,1999.01,0.19,34.34,0,1
20:44,-0.1,3.02,1.98,1998.97,-0.1,34.34,0,1
20:45,0.52,3.02,2.06,1999.24,0.52,34.33,0,1
20:46,0.47,3.02,1.52,1999.49,0.47,34.31,0,1
20:47,0.2,3.01,1.02,1999.6,0.2,34.31,0,1
20:48,-0.14,3.01,0.8,1999.53,-0.14,34.31,0,1
20:49,-0.33,3.01,0.94,1999.37,-0.33,34.32,0,1
20:50,-0.47,3.01,1.26,1999.14,-0.47,34.33,0,1
20:51,0.08,3.02,1.72,1999.19,0.08,34.33,0,1
20:52,-0.45,3.02,1.62,1998.97,-0.45,34.34,0,1
20:53,-0.22,3.02,2.06,1998.87,-0.22,34.35,0,1
20:54,0,3.02,2.26,1998.88,0,34.35,0,1
20:55,-0.3,3.02,2.24,1998.74,-0.3,34.36,0,1
20:56,0.29,3.03,2.52,1998.9,0.29,34.35,0,1
20:57,0.41,3.02,2.2,1999.12,0.41,34.34,0,1
20:58,-0.06,3.02,1.76,1999.1,-0.06,34.34,0,1
20:59,-0.45,3.02,1.8,1998.88,-0.45,34.35,0,1
21:00,-0.17,3.02,2.24,1998.8,-0.17,34.35,0,1
21:01,-0.36,3.02,2.4,1998.63,-0.36,34.36,0,1
21:02,0.17,3.03,2.74,1998.73,0.17,34.36,0,1
21:03,0.02,3.03,2.54,1998.75,0.02,34.36,0,1
21:04,-0.39,3.02,2.5,1998.57,-0.39,34.37,0,1
21:05,0.02,3.03,2.86,1998.59,0.02,34.37,0,1
21:06,-0.45,3.03,2.82,1998.38,-0.45,34.38,0,1
21:07,0.13,3.03,3.24,1998.46,0.13,34.37,0,1
21:08,0.44,3.03,3.08,1998.7,0.44,34.36,0,1
21:09,0.22,3.03,2.6,1998.83,0.22,34.35,0,1
21:10,-0.12,3.02,2.34,1998.78,-0.12,34.36,0,1
21:11,0.11,3.02,2.44,1998.85,0.11,34.35,0,1
21:12,-0.14,3.02,2.3,1998.79,-0.14,34.35,0,1
21:13,-0.39,3.02,2.42,1998.61,-0.39,34.37,0,1
21:14,0,3.03,2.78,1998.62,0,34.36,0,1
21:15,0.32,3.03,2.76,1998.79,0.32,34.35,0,1
21:16,-0.07,3.02,2.42,1998.77,-0.07,34.36,0,1
21:17,-0.1,3.02,2.46,1998.73,-0.1,34.36,0,1
21:18,0.47,3.03,2.54,1998.98,0.47,34.34,0,1
21:19,-0.15,3.02,2.04,1998.92,-0.15,34.35,0,1
21:20,-0.41,3.02,2.16,1998.73,-0.41,34.36,0,1
21:21,-0.36,3.03,2.54,1998.56,-0.36,34.37,0,1
21:22,0.15,3.03,2.88,1998.65,0.15,34.36,0,1
21:23,0.34,3.03,2.7,1998.83,0.34,34.35,0,1
21:24,-0.45,3.02,2.34,1998.62,-0.45,34.36,0,1
21:25,-0.18,3.03,2.76,1998.54,-0.18,34.37,0,1
21:26,0.49,3.03,2.92,1998.8,0.49,34.35,0,1
21:27,0.44,3.02,2.4,1999.03,0.44,34.34,0,1
21:28,-0.45,3.02,1.94,1998.82,-0.45,34.35,0,1
21:29,-0.4,3.02,2.36,1998.63,-0.4,34.36,0,1
21:30,0.42,3.03,2.74,1998.85,0.42,34.35,0,1
21:31,0.33,3.02,2.3,1999.03,0.33,34.34,0,1
21:32,0.52,3.02,1.94,1999.3,0.52,34.33,0,1
21:33,0,3.01,1.4,1999.31,0,34.33,0,1
21:34,-0.3,3.01,1.38,1999.17,-0.3,34.33,0,1
21:35,0.21,3.02,1.66,1999.28,0.21,34.33,0,1
21:36,0.4,3.01,1.44,1999.49,0.4,34.31,0,1
21:37,-0.19,3.01,1.02,1999.4,-0.19,34.32,0,1
21:38,-0.24,3.01,1.2,1999.29,-0.24,34.33,0,1
21:39,-0.29,3.01,1.42,1999.15,-0.29,34.33,0,1
21:40,0.17,3.02,1.7,1999.24,0.17,34.33,0,1
21:41,0.46,3.02,1.52,1999.48,0.46,34.32,0,1
21:42,0.17,3.01,1.04,1999.57,0.17,34.31,0,1
21:43,0.22,3.01,0.86,1999.69,0.22,34.3,0,1
21:44,-0.1,3.01,0.62,1999.64,-0.1,34.31,0,1
21:45,-0.31,3.01,0.72,1999.49,-0.31,34.31,0,1
21:46,0.13,3.01,1.02,1999.56,0.13,34.31,0,1
21:47,0.23,3.01,0.88,1999.68,0.23,34.3,0,1
21:48,-0.26,3.01,0.64,1999.55,-0.26,34.31,0,1
21:49,0.33,3.01,0.9,1999.72,0.33,34.3,0,1
21:50,-0.03,3.01,0.56,1999.71,-0.03,34.3,0,1
21:51,0.37,3.01,0.58,1999.9,0.37,34.29,0,1
21:52,-0.38,3,0.2,1999.71,-0.38,34.3,0,1
21:53,0.47,3.01,0.58,1999.95,0.47,34.29,0,1
21:54,0.01,3,0.1,1999.96,0.01,34.29,0,1
21:55,-0.07,3,0.08,1999.93,-0.07,34.29,0,1
21:56,0.34,3,0.14,2000.1,0.34,34.28,0,1
21:57,-0.39,3,-0.19,1999.91,-0.39,34.29,0,1
21:58,0.19,3,0.18,2000,0.19,34.29,0,1
21:59,0.4,3,0,2000.2,0.4,34.27,0,1
22:00,-0.42,3,-0.39,1999.99,-0.42,34.29,0,1
22:01,-0.08,3,0.02,1999.95,-0.08,34.29,0,1
22:02,-0.4,3,0.1,1999.75,-0.4,34.3,0,1
22:03,-0.19,3,0.5,1999.66,-0.19,34.31,0,1
22:04,0.3,3.01,0.68,1999.81,0.3,34.3,0,1
22:05,0.24,3,0.38,1999.93,0.24,34.29,0,1
22:06,0.19,3,0.14,2000.03,0.19,34.28,0,1
22:07,0.2,3,-0.05,2000.13,0.2,34.28,0,1
22:08,0.43,3,-0.25,2000.34,0.43,34.27,0,1
22:09,0.2,3.01,-0.67,2000.44,0.2,34.26,0,1
22:10,0.16,3.01,-0.87,2000.52,0.16,34.26,0,1
22:11,0.08,3.01,-1.03,2000.56,0.08,34.25,0,1
22:12,-0.24,3.01,-1.11,2000.43,-0.24,34.26,0,1
22:13,-0.1,3.01,-0.85,2000.37,-0.1,34.26,0,1
22:14,0.44,3.01,-0.73,2000.59,0.44,34.25,0,1
22:15,-0.09,3.01,-1.17,2000.54,-0.09,34.25,0,1
22:16,-0.04,3.01,-1.07,2000.51,-0.04,34.26,0,1
22:17,-0.27,3.01,-1.01,2000.37,-0.27,34.26,0,1
22:18,0.4,3.01,-0.73,2000.56,0.4,34.25,0,1
22:19,-0.33,3.01,-1.11,2000.39,-0.33,34.26,0,1
22:20,-0.27,3.01,-0.77,2000.25,-0.27,34.27,0,1
22:21,-0.25,3,-0.49,2000.12,-0.25,34.28,0,1
22:22,-0.11,3,-0.23,2000.06,-0.11,34.28,0,1
22:23,-0.27,3,-0.11,1999.92,-0.27,34.29,0,1
22:24,-0.24,3,0.16,1999.8,-0.24,34.3,0,1
22:25,0,3,0.4,1999.8,0,34.3,0,1
22:26,-0.09,3,0.4,1999.76,-0.09,34.3,0,1
22:27,-0.03,3,0.48,1999.75,-0.03,34.3,0,1
22:28,-0.07,3,0.5,1999.72,-0.07,34.3,0,1
22:29,0.44,3.01,0.56,1999.94,0.44,34.29,0,1
22:30,0.16,3,0.12,2000.02,0.16,34.28,0,1
22:31,0.13,3,-0.03,2000.09,0.13,34.28,0,1
22:32,0.38,3,-0.17,2000.28,0.38,34.27,0,1
22:33,-0.37,3.01,-0.55,2000.09,-0.37,34.28,0,1
22:34,0.19,3,-0.17,2000.18,0.19,34.28,0,1
22:35,-0.49,3,-0.35,1999.93,-0.49,34.29,0,1
22:36,0.39,3,0.14,2000.12,0.39,34.28,0,1
22:37,-0.38,3,-0.23,1999.93,-0.38,34.29,0,1
22:38,0.16,3,0.14,2000.01,0.16,34.29,0,1
22:39,0.48,3,-0.01,2000.25,0.48,34.27,0,1
22:40,-0.11,3,-0.49,2000.19,-0.11,34.27,0,1
22:41,-0.38,3,-0.37,2000,-0.38,34.29,0,1
22:42,0.3,3,0,2000.15,0.3,34.28,0,1
22:43,0,3,-0.29,2000.15,0,34.28,0,1
22:44,0.28,3,-0.29,2000.29,0.28,34.27,0,1
22:45,0.46,3.01,-0.57,2000.52,0.46,34.26,0,1
22:46,0,3.01,-1.03,2000.52,0,34.26,0,1
22:47,-0.08,3.01,-1.03,2000.47,-0.08,34.26,0,1
22:48,-0.16,3.01,-0.93,2000.38,-0.16,34.26,0,1
22:49,-0.34,3.01,-0.75,2000.21,-0.34,34.27,0,1
22:50,-0.11,3,-0.41,2000.15,-0.11,34.28,0,1
22:51,0.24,3,-0.29,2000.27,0.24,34.27,0,1
22:52,0.38,3.01,-0.53,2000.46,0.38,34.26,0,1
22:53,0.14,3.01,-0.91,2000.53,0.14,34.26,0,1
22:54,-0.39,3.01,-1.05,2000.33,-0.39,34.27,0,1
22:55,0.39,3.01,-0.65,2000.52,0.39,34.26,0,1
22:56,-0.04,3.01,-1.03,2000.5,-0.04,34.26,0,1
22:57,0.24,3.01,-0.99,2000.61,0.24,34.25,0,1
22:58,0.09,3.01,-1.21,2000.65,0.09,34.25,0,1
22:59,0.23,3.01,-1.29,2000.76,0.23,34.24,0,1
23:00,0.04,3.02,-1.51,2000.77,0.04,34.24,0,1
23:01,0.08,3.02,-1.53,2000.8,0.08,34.24,0,1
23:02,-0.14,3.02,-1.59,2000.72,-0.14,34.24,0,1
23:03,0.23,3.01,-1.43,2000.83,0.23,34.24,0,1
23:04,-0.07,3.02,-1.65,2000.79,-0.07,34.24,0,1
23:05,-0.36,3.02,-1.57,2000.6,-0.36,34.25,0,1
23:06,-0.06,3.01,-1.19,2000.56,-0.06,34.25,0,1
23:07,0.19,3.01,-1.11,2000.65,0.19,34.25,0,1
23:08,-0.17,3.01,-1.29,2000.56,-0.17,34.25,0,1
23:09,0.27,3.01,-1.11,2000.69,0.27,34.25,0,1
23:10,-0.41,3.01,-1.37,2000.48,-0.41,34.26,0,1
23:11,-0.28,3.01,-0.95,2000.33,-0.28,34.27,0,1
23:12,0.06,3.01,-0.65,2000.36,0.06,34.27,0,1
23:13,-0.29,3.01,-0.71,2000.21,-0.29,34.27,0,1
23:14,-0.4,3,-0.41,2000.01,-0.4,34.29,0,1
23:15,-0.23,3,-0.01,1999.89,-0.23,34.29,0,1
23:16,-0.36,3,0.22,1999.71,-0.36,34.3,0,1
23:17,-0.35,3.01,0.58,1999.54,-0.35,34.31,0,1
23:18,-0.07,3.01,0.92,1999.51,-0.07,34.31,0,1
23:19,0.49,3.01,0.98,1999.76,0.49,34.3,0,1
23:20,-0.16,3,0.48,1999.68,-0.16,34.3,0,1
23:21,0.25,3.01,0.64,1999.81,0.25,34.3,0,1
23:22,0.49,3,0.38,2000.06,0.49,34.28,0,1
23:23,-0.4,3,-0.11,1999.86,-0.4,34.29,0,1
23:24,0.31,3,0.28,2000.01,0.31,34.29,0,1
23:25,-0.04,3,-0.01,1999.99,-0.04,34.29,0,1
23:26,-0.39,3,0.02,1999.79,-0.39,34.3,0,1
23:27,0.05,3,0.42,1999.82,0.05,34.3,0,1
23:28,-0.27,3,0.36,1999.69,-0.27,34.3,0,1
23:29,-0.16,3.01,0.62,1999.61,-0.16,34.31,0,1
23:30,0.15,3.01,0.78,1999.69,0.15,34.3,0,1
23:31,0.02,3.01,0.62,1999.7,0.02,34.3,0,1
23:32,0.39,3.01,0.6,1999.9,0.39,34.29,0,1
23:33,0.05,3,0.2,1999.93,0.05,34.29,0,1
23:34,0.19,3,0.14,2000.03,0.19,34.28,0,1
23:35,-0.31,3,-0.05,1999.88,-0.31,34.29,0,1
23:36,0.15,3,0.24,1999.95,0.15,34.29,0,1
23:37,0.03,3,0.1,1999.97,0.03,34.29,0,1
23:38,0.19,3,0.06,2000.07,0.19,34.28,0,1
23:39,0.41,3,-0.13,2000.28,0.41,34.27,0,1
23:40,0.45,3.01,-0.55,2000.5,0.45,34.26,0,1
23:41,0.3,3.01,-0.99,2000.65,0.3,34.25,0,1
23:42,-0.04,3.01,-1.29,2000.62,-0.04,34.25,0,1
23:43,0.48,3.01,-1.23,2000.85,0.48,34.24,0,1
23:44,-0.44,3.02,-1.69,2000.62,-0.44,34.25,0,1
23:45,-0.26,3.01,-1.23,2000.48,-0.26,34.26,0,1
23:46,-0.23,3.01,-0.95,2000.36,-0.23,34.27,0,1
23:47,0.08,3.01,-0.71,2000.4,0.08,34.26,0,1
23:48,-0.32,3.01,-0.79,2000.24,-0.32,34.27,0,1
23:49,0.14,3,-0.47,2000.31,0.14,34.27,0,1
23:50,-0.3,3.01,-0.61,2000.16,-0.3,34.28,0,1
23:51,-0.03,3,-0.31,2000.14,-0.03,34.28,0,1
23:52,0.46,3,-0.27,2000.37,0.46,34.26,0,1
23:53,-0.43,3.01,-0.73,2000.15,-0.43,34.28,0,1
23:54,0.43,3,-0.29,2000.36,0.43,34.27,0,1
23:55,0.12,3.01,-0.71,2000.42,0.12,34.26,0,1
23:56,0.29,3.01,-0.83,2000.56,0.29,34.25,0,1
23:57,0.1,3.01,-1.11,2000.61,0.1,34.25,0,1
23:58,0.16,3.01,-1.21,2000.68,0.16,34.25,0,1
23:59,0.4,3.01,-1.35,2000.87,0.4,34.24,0,1